username,bio,profile_URL,website
ChaudhryShankar,"Speaker, Gujarat Legislative Assembly | MLA- Tharad, Gujarat | Chairman, Banas Dairy, Asia‚Äôs largest Cooperative Dairy | Vice Chairman, GSC Bank",https://twitter.com/ChaudhryShankar,
PeterPsquare,Musician/Entertainer/Businessman/Dr&CEO PSQUARE Bookings: booking@psquareworld.com info@one1mgt.com +2348121110000,https://twitter.com/PeterPsquare,p-square.ffm.to/jaiye
ProfOsinbajo,"Official handle for Professor Yemi Osinbajo, SAN, Nigeria's Vice President. Tweets by him are signed YO",https://twitter.com/ProfOsinbajo,yemiosinbajo.ng
iamkidpresident,A family project on a mission to help kids and grownups create a better world together. Tweets by Brad (@thebradmontague),https://twitter.com/iamkidpresident,montagueworkshop.com
SpeakerMcCarthy,Speaker of the House and Representative of California's 20th District in the House of Representatives.,https://twitter.com/SpeakerMcCarthy,Speaker.gov
ChrisVanHollen,U.S. Senator for Maryland,https://twitter.com/ChrisVanHollen,vanhollen.senate.gov
BBhuttoZardari,"Chairman PPP. Foreign Minister of Pakistan üáµüá∞ . Join us & build a peaceful, prosperous and progressive #Pakistan.",https://twitter.com/BBhuttoZardari,ppp.org.pk
SenJohnKennedy,Official account of U.S. Senator John Kennedy of Louisiana. Facebook: https://t.co/9DkDYynIol‚Ä¶Instagram: https://t.co/31VrG08p1s,https://twitter.com/SenJohnKennedy,kennedy.senate.gov
CBKKenya,"CBK is responsible for formulating monetary policy, promoting price stability, issuing currency and other functions conferred by an Act of Parliament.",https://twitter.com/CBKKenya,centralbank.go.ke
EuroParlPress,The Press Service of the European Parliament,https://twitter.com/EuroParlPress,eptwitter.eu/qjxu
politicshome,"Fast, informed, comprehensive coverage of UK politics.
With debate & insight from Parliament via @TheHouseMag.
Subscribe to our podcast: https://t.co/CXLZFhNDLQ",https://twitter.com/politicshome,politicshome.com
theicai,"ICAI is a statutory body established by an Act of Parliament, viz. The CA Act, 1949 for regulating the profession of Chartered Accountancy in India. #theicai",https://twitter.com/theicai,icai.org
GamerGrowthHQ,"Supporting Creators through advice, shout-outs, and daily support.",https://twitter.com/GamerGrowthHQ,twitch.tv/adron_foe
edmnangagwa,"Official Twitter account of Emmerson Dambudzo Mnangagwa, President of the Republic of Zimbabwe üáøüáº",https://twitter.com/edmnangagwa,
JeffFlake,"U.S. Ambassador to T√ºrkiye. U.S. Senator from Arizona, Ret",https://twitter.com/JeffFlake,jeffflake.com
Martin_Dempsey,18th Chairman - Joint Chiefs of Staff | One of TIME's 100 Most Influential Leaders | Bestselling Author | Chairman - USA Basketball | Rubenstein Fellow @DukeU,https://twitter.com/Martin_Dempsey,generaldempsey.com
dhh,"Creator of Ruby on Rails, Co-owner & CTO of 37signals (Basecamp & HEY), NYT best-selling author, and Le Mans 24h class-winner. No DMs, email: dhh@hey.com",https://twitter.com/dhh,dhh.dk
gpdkaluma,"Member of Parliament, Kenya. Human Rights/Governance/Pro-Life Advocate. Teacher. Husband. Father. Mentor.",https://twitter.com/gpdkaluma,parliament.go.ke
SecondGentleman,Second Gentleman of the United States. Devoted dad. Proud husband to @VP Kamala Harris.,https://twitter.com/SecondGentleman,whitehouse.gov
TheHoneyVulture,"Petite nerd. Girl next door. Role play princess. CEO of Perfect Nipples. Sex tapes, chatting, and more here ‚û°Ô∏è https://t.co/OQfMtPrvR0",https://twitter.com/TheHoneyVulture,HoneyVulture.com
dharmesh,"Personal Mission: Help millions grow better.

Co-founder/CTO, HubSpot

Creator, https://t.co/3fZmGzNYi0

I share lessons on growing from startup to scaleup.",https://twitter.com/dharmesh,dharme.sh/dharmeshtb
Manekagandhibjp,"Member of Parliament (LS), Sultanpur. Author. Environmentalist. Animal Rights Activist. Founder & Chairperson: People for Animals. SOS: gandhim@nic.in",https://twitter.com/Manekagandhibjp,
The305MVP,"Half man half amazing. 
ALL BUSINESS!",https://twitter.com/The305MVP,linktr.ee/the305mvp
mimichakraborty,"ACTOR,Member of parliament ( TMC )Lok Sabha,Pet parent,Singer by passion and traveller for Peace. Vlogger sometimes üëáüëáüëá(check the link)",https://twitter.com/mimichakraborty,youtube.com/channel/UCPKuH‚Ä¶
BidenInaugural,Thank you for joining us for the historic inauguration of @POTUS and @VP. A new chapter has begun. #Inauguration2021,https://twitter.com/BidenInaugural,bideninaugural.org/watch
SymoneDSanders,"Mrs. Townsend. 
Host @SYMONEmsnbc. 
Fmr Senior Advisor & Chief Spokesperson to @VP. 
Lash & nail enthusiast. 
Nebraska Girl. 
TXT ME: 402-251-8021",https://twitter.com/SymoneDSanders,symonedsanders.com
SenatorTomUdall,"The archived tweets of the office of U.S. Senator Tom Udall, served from January 2009-January 2021. This is an inactive account.",https://twitter.com/SenatorTomUdall,tomudall.senate.gov
JoelKatz,Improving global settlement with blockchain tech. CTO at Ripple; one of the original architects of the XRP ledger.,https://twitter.com/JoelKatz,distributedagreement.com
ShainaNC,Spokesperson of BJP. Fashion designer known for draping the saree in fastest time. World chairperson of @GiantsWelfare foundation. Board member @prasarbharati,https://twitter.com/ShainaNC,bjp.org
boztank,"CTO @Meta. Leading Reality Labs and working on AR, VR, AI, and more. Built v1 of FB News Feed, Messenger, Groups, Mobile Ads. TweetDelete 6mo",https://twitter.com/boztank,facebook.com/boz
idevadhikari,Actor / Producer Still learning! Member of Parliament (Lok Sabha) Account managed by me. SUBSCRIBE https://t.co/NnnLHn42b2‚Ä¶,https://twitter.com/idevadhikari,bit.ly/ProjapatiTicke‚Ä¶
DJMOLASSES,"Screwed & Chopped Dj (All Inquiries Email KidScrew@iCloud.com) #RipDjScrew iG:DJMOLASSES #TexanWireWheelWarrior Purchase My Single ""I'm So G"" Below!",https://twitter.com/DJMOLASSES,itun.es/us/zbDyjb
ChiefMI6,"Chief of the UK Secret Intelligence Service (MI6). RTs show my interest was piqued, nothing more. He/him.",https://twitter.com/ChiefMI6,
NeelieKroesEU,Non exec. board member Salesforce; Rijksmuseum. Former Vice President of European Commission for Digital Agenda,https://twitter.com/NeelieKroesEU,bit.ly/KroesNeelie
RichardBurgon,"Labour MP for East Leeds. Leeds born and bred. Secretary of the Socialist Campaign Group of Labour MPsüåπ 

E-mail for constituents: richard@richardburgon.com",https://twitter.com/RichardBurgon,linktr.ee/richardburgon
SudhanshuTrived,"Member of Rajya Sabha (Upper House of Indian Parliament), National Spokesperson of Bharatiya Janata Party, B.J.P.( By education PhD in Mechanical Engineering )",https://twitter.com/SudhanshuTrived,
ClareDalyMEP,"Member of the European Parliament. Independent. Socialist.

https://t.co/4DfRx8Fwkg
https://t.co/MNoRLggUJR
https://t.co/LscIzMNshF",https://twitter.com/ClareDalyMEP,ClareDaly.ie
ChairmanHKN,"Nigerian music executive producer, Director of Pacific Energy. Chairman of HKN Music. bookings and inquiries bookinghkn@gmail.com Manchester United for life‚úäüèæ",https://twitter.com/ChairmanHKN,adewaleadeleke.com
lopp,"Insights on security, privacy, technology, & money ¬∑ Co-founder & CTO @CasaHODL ¬∑ creator of https://t.co/q2pgFGTJZh, https://t.co/c15g0T3qAv, https://t.co/xUkNreXj20",https://twitter.com/lopp,lopp.net
MichelleRempel,Canadian Member of Parliament. fortis et liber.,https://twitter.com/MichelleRempel,michellerempelgarner.substack.com
avinashpandeinc,"General Secretary, Indian National Congress | Incharge Jharkhand | Ex. Member of Parliament, Rajya Sabha",https://twitter.com/avinashpandeinc,inc.in/aicc-office-be‚Ä¶
MunizaeJahangir,Broadcast Journalist @aaj_urdu on the primetime show @SpotlightAajtv. Founding editor @voicepkdotnet. Board member @Asma_Jahangir. HRCP & SAHR elected member,https://twitter.com/MunizaeJahangir,aaj.tv
Senate_KE,"Represents the counties and their interests, debates and enacts Bills concerning counties and oversights State Officers. Official feed of the Senate of Kenya.",https://twitter.com/Senate_KE,parliament.go.ke
SenMarkKelly,"United States Senator for Arizona. Father, husband, Navy combat veteran, and retired NASA astronaut.",https://twitter.com/SenMarkKelly,kelly.senate.gov
radiohead,,https://twitter.com/radiohead,kida-mnesia.com
samgeorgegh,"|Son of God, Patriot, Husband & Father||MPfor Ningo-Prampram Constituency||Deputy Ranking, Communications & Member, Public Accounts Committees||#TeamDzata|",https://twitter.com/samgeorgegh,parliament.gh
UNReliefChief,The official Twitter account of Under-Secretary-General for Humanitarian Affairs and Emergency Relief Coordinator,https://twitter.com/UNReliefChief,unocha.org/about-us/ocha-‚Ä¶
PeterDutton_MP,"Leader of the Liberal Party of Australia, Federal Member for Dickson.

Authorised by Peter Dutton, Liberal Party of Australia, Brisbane",https://twitter.com/PeterDutton_MP,peterdutton.com.au
ChingteLai,"Vice President of Taiwan R.O.C., Chairperson of Democratic Progressive Party.",https://twitter.com/ChingteLai,facebook.com/chingte/
Wakabando,A Social Democract. Policy Consult. ex-Member of Kenya Parliament & GoK Minister.,https://twitter.com/Wakabando,kabandowakabando.org
ZaakeFrancis,"MP Mityana Municipality @Parliament_Ug | 
National Youth Secretary @NUP_UG | Rights Advocate. Passions: Giving back to @Zaakefoundation, Rule of Law & Justice",https://twitter.com/ZaakeFrancis,parliament.go.ug
crazedbromo,,https://twitter.com/crazedbromo,
HonJumwa,I am the current Member of Parliament for Malindi Constituency and Commissioner of the Parliamentary Service Commission in Kenya.,https://twitter.com/HonJumwa,aishajumwamp.wordpress.com
DougJones,Louise's husband. Father of three. Granddad of two. Former U.S. Senator for Alabama. Counsel at ArentFox Schiff. Dog person. Author of ‚ÄùBending Toward Justice.‚Äù,https://twitter.com/DougJones,dougjones.com
SenJoniErnst,"Mother and combat veteran, fighting for a more accountable and less wasteful Washington üá∫üá∏ U.S. Senator serving the people of Iowa. üåæüêñ",https://twitter.com/SenJoniErnst,Ernst.Senate.Gov
AnaMartinsGomes,Candidata a PR 2021.Deputada PS @ Parlamento Europeu 2004-2019. Diplomata aposentada. Retired diplomat. European Parliament S&D Member 2004-2019.,https://twitter.com/AnaMartinsGomes,
MarkWarner,"U.S. Senator from Virginia. 
Chairman, Senate Intel Committee.",https://twitter.com/MarkWarner,warner.senate.gov
EugeneLWamalwa,"Official account of @DAP_Kenya Party Leader, Lawyer,MP 10th Parliament,Former Minister for Water & Defence, Last Minister for Justice & Devolution, Kenya.",https://twitter.com/EugeneLWamalwa,Dap-kenya.co.ke
BOM_Qld,Official Bureau of Meteorology account for Queensland weather information. Always check https://t.co/KAO8D9sudX for the latest warnings.,https://twitter.com/BOM_Qld,bom.gov.au/qld
PresidencyZA,This is the official Twitter page of The Presidency of the Republic of South Africa #LeaveNoOneBehind üáøüá¶,https://twitter.com/PresidencyZA,thepresidency.gov.za
SenSchumer,"Official Account of Senator Chuck Schumer, New York‚Äôs Senator and the Senate Majority Leader.",https://twitter.com/SenSchumer,democraticleader.senate.gov
ChrisMurphyCT,U.S. Senator from Connecticut.,https://twitter.com/ChrisMurphyCT,
p_sahibsingh,"SWAMSEWAK , BJP WORKER, Member of Parliament: West Delhi , Ex-MLA - Mehrauli Constituency , Former General Secretary-Delhi BJP, RTs are not endorsements.",https://twitter.com/p_sahibsingh,facebook.com/parveshsahibsi‚Ä¶
wesstreeting,Labour MP for Ilford North. Shadow Health & Social Care Secretary. RTs ‚â† endorsements. For casework e-mail: wes@redbridgelabour.org.uk. üá¨üáßüè¥Û†ÅßÛ†Å¢Û†Å•Û†ÅÆÛ†ÅßÛ†Åø,https://twitter.com/wesstreeting,wesstreeting.org
RoyBlunt,Official account of U.S. Senator Roy Blunt.,https://twitter.com/RoyBlunt,
PritishNandy,Poet. Journalist. Maker of films. Former Member Indian Parliament. Genesis International Humanitarian Award USA. Founder People for Animals. Founder PNC.,https://twitter.com/PritishNandy,
Abhina_Prakash,National Vice-President @BJYM,https://twitter.com/Abhina_Prakash,
Quamina_Mp,Artiste | Producer | Your Love out now!! Bookings:bookquaminamp@gmail.com Beats:quaminamoney@gmail.com,https://twitter.com/Quamina_Mp,onerpm.link/QuaminaMP-your‚Ä¶
QandA,"#QandA is a chance to ask questions, challenge power and share your views. We tweet other people‚Äôs opinions to inspire questions, not express our own views.",https://twitter.com/QandA,abc.net.au/qanda/
DrSJaishankar,External Affairs Minister of India. Member of Parliament (Rajya Sabha) from Gujarat State.,https://twitter.com/DrSJaishankar,
WhiteHouse,Welcome to the Biden-Harris White House! Tweets may be archived: https://t.co/UbZQo0sWVf,https://twitter.com/WhiteHouse,WhiteHouse.gov
VP45,"This is an archive of a Trump Administration account, maintained by the National Archives and Records Administration.",https://twitter.com/VP45,trumplibrary.gov
TrafficChiefNG,"About to hit the üöòroad? Check our TL/website üö¶Traffic Reports on your route! Make the üëçbest decision, save yourself ‚è≤Ô∏ètime, üí∞money & ü§ístress. #TrafficChief",https://twitter.com/TrafficChiefNG,trafficchiefng.com/traffic-map.php
LittleLeague,"Be the reason your community comes alive. Find your local Little League program, and support your community! https://t.co/x1AqsKsRIN",https://twitter.com/LittleLeague,LittleLeague.org
senorrinhatch,"Former U.S. Senator from Utah, writer of songs and laws. Lover of bacon, all you can eat buffets, and Costco hotdogs. Account inactive as of 1/3/2019. üá∫üá∏",https://twitter.com/senorrinhatch,hatch.senate.gov
RishadPremji,"Chairman of @wipro, Former Chairman of @nasscom, @WEF Young Global Leader.   Fascinated and a big believer in the softer aspects of business and leadership",https://twitter.com/RishadPremji,
WHCOS,White House Chief of Staff. Husband. Dad of 4. Bagel Enthusiast. #Team46,https://twitter.com/WHCOS,whitehouse.gov
jessphillips,"Labour MP for Birmingham Yardley

Instagram - @jessphillipsmp",https://twitter.com/jessphillips,
MPTourism,"The official page of Madhya Pradesh Tourism, Govt. of MP.
Dive deep into the air of mystique with each travel destination.
https://t.co/3cU4eLqZZP",https://twitter.com/MPTourism,mptourism.com
angeladuckw,"Co-founder, Chief Scientist, & Board Member of @thecharacterlab. Professor at @Penn. Author of Grit. Co-host of @NSQ_Show.",https://twitter.com/angeladuckw,angeladuckworth.com
dr_satyapal,"Member Of Parliament BJP (LS), Baghpat, UP. | Former Union Minister of State for @EduMinOfIndia & @MoJSDoWRRDGR (Jal) | Ex. Commissioner Of Police, Mumbai City",https://twitter.com/dr_satyapal,drsatyapal.com
markrussinovich,"CTO of Microsoft Azure, author of novels Rogue Code, Zero Day and Trojan Horse, Windows Internals, Sysinternals tools. Opinions are my own.",https://twitter.com/markrussinovich,markrussinovich.com
Mp3bullet,Media & News Company ~ üìß: ask@mp3bullet.ng,https://twitter.com/Mp3bullet,mp3bullet.ng
BeatingHerUnder,"I Kissed Trina . Hugged Michelle Obama . Danced With Fantasia . Felt Nicki Minaj's Ass .Beyonce Twerked On My Dick , ' & Probably Stole Your Girl Too ‚òú‚òÜ‚òû",https://twitter.com/BeatingHerUnder,
JohnCornyn,"Mainly news I find interesting, pics, and opinions. Honored to represent the great state of Texas in the US Senate. RTs =/= endorsements",https://twitter.com/JohnCornyn,
SteveForbesCEO,"Chairman & Editor-In-Chief, Forbes Media. Host of the webcast, What‚Äôs Ahead. Co-Author of INFLATION with Nathan Lewis and Elizabeth Ames. Out April 19th.",https://twitter.com/SteveForbesCEO,forbes.com/sites/stevefor‚Ä¶
ChiefPat,Founder & CEO of @TribeGaming | Mobile Gaming YouTuber | 2.5M Subs | Business Inquiries: pat@tribegaming.gg,https://twitter.com/ChiefPat,youtube.com/chiefpat
GovPenceIN,This is an archive of former Indiana Governor Mike Pence's account.,https://twitter.com/GovPenceIN,in.gov/governorhistor‚Ä¶
LeaderMcConnell,"U.S. Senate Republican Leader Mitch McConnell
Follow @McConnellPress & @SRCC",https://twitter.com/LeaderMcConnell,republicanleader.senate.gov
ThamesVP,Do not report a crime here. It isn‚Äôt monitored 24/7. Emergency? Call 999. Non-emergency? Call 101. Visit our website to report or make a complaint.,https://twitter.com/ThamesVP,
VTankha,"Member of Parliament, Rajya Sabha| Lawyer| Rotarian| Social worker| Country Always First",https://twitter.com/VTankha,rajyasabha.nic.in
ChrisCoons,"Father, husband, U.S. Senator from Delaware",https://twitter.com/ChrisCoons,coons.senate.gov
POTUS44,This is an archive of an Obama Administration account maintained by the National Archives and Records Administration (NARA).,https://twitter.com/POTUS44,obamalibrary.gov/research/archi‚Ä¶
NathanHeadPhoto,"PHOTOGRAPHER - NFTs - Crypto - Kpop fan - CryptoPunk #9233 - BAYC #7865 https://t.co/ry1GmDRVFz

PRINTS - https://t.co/67q7zQPg9z",https://twitter.com/NathanHeadPhoto,opensea.io/collection/nat‚Ä¶
JackPhan,"CEO/CMO/CTO/COO I scale startups in online media, B2B SaaS, and digital advertising. #AdobeInsider #NASASocial | #ONCEUncle Stan #TWICE for clearer skin. üç≠",https://twitter.com/JackPhan,linkedin.com/in/jackphan
anandmahindra,"Chairman & Team member, Mahindra Group",https://twitter.com/anandmahindra,mahindra.com
SenThomTillis,Official Twitter account of North Carolina U.S. Senator Thom Tillis.,https://twitter.com/SenThomTillis,tillis.senate.gov
officeofssbadal,Shiromani Akali Dal President | Member Parliament (Ferozepur) | Former Dy CM Punjab | Former Union MoS | ex MP (Faridkot) | ex MP Rajya Sabha,https://twitter.com/officeofssbadal,shiromaniakalidal.com
CandiceBergenMP,"Former Leader of Conservative Party & MP. Blessed by God‚Äôs grace,a loving family and great friends. Believer that Canadian energy can save the world!",https://twitter.com/CandiceBergenMP,candicebergen.ca
RediTlhabi,"Award winning news anchor, broadcaster, author, moderator. Board member https://t.co/sq21T1mcIT",https://twitter.com/RediTlhabi,
TimmermansEU,Executive Vice-President for the European Green Deal @vonderleyen @EU_Commission | he/him,https://twitter.com/TimmermansEU,ec.europa.eu/commission/com‚Ä¶
christufton,Author || Minister of Health and Wellness @themohwgovjm || Member of Parliament West Central St Catherine,https://twitter.com/christufton,moh.gov.jm/profile/dr-the‚Ä¶
MVenkaiahNaidu,Former Vice President of India.,https://twitter.com/MVenkaiahNaidu,
HB2Official,‚öΩÔ∏è Get ready for the immense real-time football experience with Head Ball 2!,https://twitter.com/HB2Official,headball2.com
MikePereira,Former Vice President of Officiating in the National Football League. Current Rules Analyst at FOX Sports. Referee of Twitters 18th officiating crew,https://twitter.com/MikePereira,foxsports.com
trendnetwork__,,https://twitter.com/trendnetwork__,
ID_AA_Carmack,"AGI at Keen Technologies, former CTO Oculus VR, Founder Id Software and Armadillo Aerospace",https://twitter.com/ID_AA_Carmack,
JakeSullivan46,White House National Security Advisor to @POTUS.,https://twitter.com/JakeSullivan46,whitehouse.gov
RaoKavitha,Worker of BRS Party| Member of Legislative Council-Kamareddy & Nizamabad | Former Member of Parliament | Founder Telangana Jagruthi |Wife|Mother|Daughter|Sister,https://twitter.com/RaoKavitha,
SenMastriano,Spent 30 years in the U.S Army and veteran of Desert Storm and Afghanistan. Senator for PA's 33rd Senate District. Follows are not endorsements.,https://twitter.com/SenMastriano,senatormastriano.com
jessica_alupo,"2nd female Vice President of the Republic of Uganda,MP, Wife, Proud Mother and Committed Servant of the People.",https://twitter.com/jessica_alupo,statehouse.go.ug
Andrej_Kiska,Official profile.,https://twitter.com/Andrej_Kiska,jenasviac.sk
jsteenhuisen,"@Our_DA Federal Leader, Leader of the Official Opposition: Parliament of RSA. Constitution loving liberal, passionate about RSA and it‚Äôs future! üáøüá¶",https://twitter.com/jsteenhuisen,da.org.za
afneil,"Chairman Spectator Magazine UK, US, Australia. Presenter The Andrew Neil Show, Channel 4. Ex-Editor Sunday Times, BBC political presenter, Chairman Sky TV",https://twitter.com/afneil,
Werner,CTO @ Amazon,https://twitter.com/Werner,smile.amazon.com
mislavkolakusic,"Member of the European Parliament, former judge, non-affiliated activist for the rule of law and fighter against corruption",https://twitter.com/mislavkolakusic,europarl.europa.eu/meps/en/197438‚Ä¶
iamBig7,Own @Time2grindradio Mon/Wed/Fri 7pm est Artist @Trece7ev #NIMG / https://t.co/EhiifUJsCz,https://twitter.com/iamBig7,linktr.ee/iambig7
SenatorBaldwin,"Official Twitter account of United States Senator Tammy Baldwin's office, proudly working for the State of Wisconsin.",https://twitter.com/SenatorBaldwin,baldwin.senate.gov
moneillsf,First Minister (Designate) Sinn F√©in Leas Uachtar√°n (Vice President). Representing the people of the Mid Ulster Constituency since 2007,https://twitter.com/moneillsf,sinnfein.ie
ChuckGrassley,"U.S. Senator. Family farmer. Lifetime resident of New Hartford, IA. Also follow @GrassleyPress for news and information.",https://twitter.com/ChuckGrassley,grassley.senate.gov
nausheenyusuf,"Journalist at @geonews_urdu Ex. @Dawn_News , @Waqtnewstv , @The_Nation Writes in @jang_akhbar Parliament, Election Commission , Politics, Democracy, Governance",https://twitter.com/nausheenyusuf,geo.tv/writer/naushee‚Ä¶
MahuaMoitra,"All India Trinamool Congress Member of Parliament Lok Sabha (Krishnanagar)
This is my ONLY official account",https://twitter.com/MahuaMoitra,
stampylongnose,1st gen YouTuber that refused to evolve.,https://twitter.com/stampylongnose,youtube.com/stampylonghead
AgentM,"Vice President & Creative Executive, @Marvel Digital Media. Podcaster, host, cameos in Marvel stuff I guess? Personal account! He/Him",https://twitter.com/AgentM,linktr.ee/ryanpenagos
ecb,"The European Central Bank is the central bank for Europe's single currency, the euro. Its main task is to maintain the euro's purchasing power.",https://twitter.com/ecb,ecb.europa.eu
NAssemblyKE,"Represents the People, Oversights and Debates issues, Enacts laws, and Oversees Government spending. 
Official feed of the National Assembly of Kenya.",https://twitter.com/NAssemblyKE,parliament.go.ke
BryanLegendCEO,VISIONARY | ENTREPRENEUR | INFLUENCER | INVESTOR | Co-Founder of OOXY Labs | Vulcan Blockchain | üåê https://t.co/TuonHDqBpz | üé• https://t.co/8nuv2ymUSv,https://twitter.com/BryanLegendCEO,
PriyaDutt_INC,"Ex- Member of Parliament, North Central Mumbai trustee Nargis Dutt Foundation",https://twitter.com/PriyaDutt_INC,priyadutt.in
biden4pres,"I‚Äôm not selling ya coupons; just a snappy VP with a whole lotta gumption and half a mind to do it. Running for all fifty, jack. By the by, this is not Joe Biden",https://twitter.com/biden4pres,drewjanda.info
JPN_PMO,The official English account of Prime Minister's Office of #Japan. @JapanGov. Facebook: https://t.co/IZ4XbQmdo6,https://twitter.com/JPN_PMO,japan.kantei.go.jp
senatePH,The official Twitter account of the Senate of the Philippines. https://t.co/S1vuQe9XFK https://t.co/w9jELdL8vi,https://twitter.com/senatePH,senate.gov.ph
abhishekaitc,"Official Twitter of Abhishek Banerjee - Member of Parliament (Lok Sabha) | National General Secretary, All India Trinamool Congress.",https://twitter.com/abhishekaitc,aitcofficial.org
TriviumOfficial,Our new album ‚ÄòIn The Court Of The Dragon‚Äô is out now worldwide,https://twitter.com/TriviumOfficial,trivium.org
SenatorHassan,"New England sports fan, mom, crossword enthusiast, former governor, U.S. Senator for New Hampshire.",https://twitter.com/SenatorHassan,hassan.senate.gov
EdMarkey,"U.S. Senator fighting for the families and future of Massachusetts. Malden native, Red Sox fan, #netneutrality defender, co-author of the #GreenNewDeal (he/him)",https://twitter.com/EdMarkey,EdMarkey.com
AzamKhanSwatiPk,"Ex-Minister for Railways, member of Senate, Senior VP PTI, Ex-Minister for Narcotics, Ex-Minister for Parliamentary Affairs, Ex-Minister for Science & Tech",https://twitter.com/AzamKhanSwatiPk,
amitmalviya,"In-charge of BJP's National Information & Technology Dept. Co-incharge West Bengal. Member National Executive. Ex-banker, interested in politics and economics.",https://twitter.com/amitmalviya,bjp.org
SeanFraserMP,"(He/Him)
MP / Deput√©, Central Nova üá®üá¶

Minister of Immigration, Refugees and Citizenship / Ministre de l'Immigration, des R√©fugi√©s et de la Citoyennet√©",https://twitter.com/SeanFraserMP,seanfrasermp.ca
ZBrownCEO,"Racer, businessman and proud to work for McLaren Racing",https://twitter.com/ZBrownCEO,mclaren.com
SabitiJoseph,"Husband, Father , Principal Press Secretary to the Speaker of @Parliament_ug.",https://twitter.com/SabitiJoseph,parliament.go.ug
Investments_CEO,#Dogecoin (Crypto) Updates | Investor of many.,https://twitter.com/Investments_CEO,
TheProgressives,"The Socialists and Democrats Group in the European Parliament works for social justice, sustainability & equality for all.",https://twitter.com/TheProgressives,socialistsanddemocrats.eu
Aaroncheruiyot,"Lenah's Husband. Mariah & Davina's Dad.
Senator for Kericho County. Majority Leader of the Senate & God's favourite son.",https://twitter.com/Aaroncheruiyot,parliament.go.ke
SP8thNGRSenate,"Archive of the Office of the Former President of the 8th Senate, Federal Republic of Nigeria, Dr. Abubakar Bukola Saraki, CON. Archived 6th June, 2019.",https://twitter.com/SP8thNGRSenate,abubakarbukolasaraki.com
nickclegg,"President, Global Affairs, @Meta. Former UK Deputy PM; leader of the Liberal Democrats; member of Parliament. Father and husband.",https://twitter.com/nickclegg,instagram.com/nickclegg/
gaGunNarang,Olympic medallist in Shooting |4x Olympian| Vice President of Indian Olympic Association | WildLifer |Views are my own |,https://twitter.com/gaGunNarang,
CSIRO,We ‚ô• science. We're Australia's national science agency. We solve the greatest challenges through innovative science and technology. RTs not endorsements.,https://twitter.com/CSIRO,csiro.au
TamieUSCongress,"The Democrat unseating Jim Jordan. Mom, Sm Biz Owner, former Marine spouse. Fighting for equality, women, education, workers, families to cut taxes & economy",https://twitter.com/TamieUSCongress,secure.actblue.com/donate/tamiewi‚Ä¶
timberners_lee,"Director of W3C (https://t.co/uyt4YeYD5u), the Web standards place.  Founded https://t.co/kq0t1e4pVj - let web serve humanity. CTO https://t.co/vsUasPsY5r to develop https://t.co/iPoqAldF1M",https://twitter.com/timberners_lee,
RepDebHaaland,"She/Her, Former #NM CD1 Rep., One of the 1st Native American women in Congress. Laguna Pueblo. Single mom. Marathon runner. Follow @SecDebHaaland for updates",https://twitter.com/RepDebHaaland,haaland.house.gov
BrandonSmithCEO,R.I.P Little Richard The King of Rock & Roll üëëüôèüèΩ‚úäüèΩ,https://twitter.com/BrandonSmithCEO,cameo.com/brandonsmithceo
RangerJavelin,"CTO Meta Djinn
CTO @fightoftheages 
Linkedin: https://t.co/HghFsL6vKI 
#FOTA #Metaverse #MicrosoftMesh #AAAGame #BSC",https://twitter.com/RangerJavelin,fota.io
ChampionsTour,Official home of #WhereLegendsPlay,https://twitter.com/ChampionsTour,championstour.com
KazHiraiCEO,"I‚Äôm Retired! Reeee-tired!! Senior Advisor and Saviour of SONY, former CEO and Chairman. Ridge Racer Brand Ambassador. PARODY ACCOUNT.",https://twitter.com/KazHiraiCEO,
WilliamsMkenya,"For love of 5th President Ruto William of Kenya @WilliamsRutoüá∞üá™

Nabii Doyen FansHQ Kenya Kwanza 

Tweets‚â†Endorsement

DM: promke254@gmail

^–ø–∞—Ä–æ–¥–∏/commentary",https://twitter.com/WilliamsMkenya,
SenBlumenthal,"Official Twitter account of U.S. Senator Richard Blumenthal, proudly working for the people of Connecticut.",https://twitter.com/SenBlumenthal,blumenthal.senate.gov
ubasanius,"Senator, representing Kaduna Central Senatorial District. Kaduna State APC Governorship Candidate, 2023. Consolidation & Continuity",https://twitter.com/ubasanius,ubasani.org
dimitrivorbe,Vice-President Sogener @sogenerhaiti Pr√©sident Velas Hispaniola @velashispaniola Poker Player Husband and Father of 3,https://twitter.com/dimitrivorbe,facebook.com/vorbedimitri
AntonioArellano,"Orgullosamente Latino. Vice president of communications, @NextGenAmerica",https://twitter.com/AntonioArellano,antonioarellano.com
JEChalmers,"Treasurer of Australia, Labor MP for Rankin, proudly Logan, QLD born & bred.",https://twitter.com/JEChalmers,jimchalmers.org
Sunil_Deodhar,"National Secretary, BJP.  Co-Incharge - Andhra Pradesh.",https://twitter.com/Sunil_Deodhar,bjp.org
grantshapps,MP for Welwyn Hatfield & Secretary of State for the Department for Energy Security & Net Zero @energygovuk,https://twitter.com/grantshapps,linktr.ee/grantshapps
Senator_Baloch,"Member #Balochistan Assembly, Former Senator & Member National Assembly Pakistan. Senior Constitutional Adviser (UNDP). Balochistan National Party",https://twitter.com/Senator_Baloch,sanabaloch.online
SenBooker,"Proudly serving the people of New Jersey in the U.S. Senate. Newark resident. Trekkie üññüèΩ. Always reminding folks that ""Cory"" is one letter off from ""corny.""",https://twitter.com/SenBooker,booker.senate.gov
PrakashJavdekar,"Member of Parliament, Rajya Sabha Facebook : PrakashJavadekarOfficial",https://twitter.com/PrakashJavdekar,prakashjavadekar.com
pritipatel,Member of Parliament for Witham.,https://twitter.com/pritipatel,priti4witham.co.uk
HackneyAbbott,Member of Parliament for Hackney North and Stoke Newington. Retweeting does not mean agreement.,https://twitter.com/HackneyAbbott,dianeabbott.org.uk
HEBobiwine,"One Ghetto child who has something to say through Music. Ugandan artiste, activist and leader of the National Unity Platform. Former MP, Parliament of Uganda.",https://twitter.com/HEBobiwine,bobiwine.ug
MhairiBlack,MP for Paisley & Renfrewshire South. Constituents can get in touch at https://t.co/G4FYSIyQYR. RTs and Favourites are not always endorsements. She/Her,https://twitter.com/MhairiBlack,mhairiblack.scot
ShehuSani,Human Rights Activist | Author | PanAfricanist | A dedicated fighter for Freedom and Justice|Instagram Shehu.Sani,https://twitter.com/ShehuSani,shehusani.com
PRupala,"Union Cabinet Minister of Fisheries, Animal Husbandry and Dairying - Govt. of India, Member of Parliament (Rajya Sabha)",https://twitter.com/PRupala,parshottamrupala.com
SenSasse,The press office account of U.S. Sen. Sasse. His (less political/hopefully more interesting) personal account is @ BenSasse.,https://twitter.com/SenSasse,
goacm,Official Twitter Account of Chief Minister @DrPramodPSawant's Office,https://twitter.com/goacm,
PTUshaOfficial,"Olympian - Track & Field Athlete üáÆüá≥ | 
Member of Parliament - Rajya Sabha | President - Indian Olympic Association",https://twitter.com/PTUshaOfficial,ptusha.org
RonWyden,U.S. Senator from Oregon. @SenateFinance Chairman. Follow @WydenPress for updates from my staff. Instagram: https://t.co/F6XmPUnCO8. He/him.,https://twitter.com/RonWyden,wyden.senate.gov
SuellaBraverman,Conservative Member of Parliament for Fareham and Home Secretary,https://twitter.com/SuellaBraverman,suellabraverman.co.uk
UKHouseofLords,News & information from the UK Parliament‚Äôs second chamber. Produced by its staff to show how the Lords checks and challenges the UK government.,https://twitter.com/UKHouseofLords,parliament.uk/lords
nsitharamanoffc,Office of Smt. @nsitharaman,https://twitter.com/nsitharamanoffc,bjp.org
abcnews,Latest news updates (mostly automated) from the Australian Broadcasting Corp. This is an official @abcaustralia account.,https://twitter.com/abcnews,abc.net.au/news
AnnastaciaMP,I am the Queensland Premier and Minister for the Olympic and Paralympic Games.,https://twitter.com/AnnastaciaMP,tiny.cc/YTsubscribe-an‚Ä¶
HikmetHajiyev,"Assistant of the President of the Republic of Azerbaijan, Head of Foreign Policy Affairs Department of the Presidential Administration.  RT not endorsement.",https://twitter.com/HikmetHajiyev,president.az
SenatorCardin,"US Senator for Maryland. Chair, #SmallBiz Cmte. #TeamMaryland https://t.co/MWU3MnXB1D‚Ä¶",https://twitter.com/SenatorCardin,cardin.senate.gov/coronavirus-re‚Ä¶
Ore_akiinde,designer. fashion. music. art.          üíå: hello@oreakinde.com üë∏: @_oreak,https://twitter.com/Ore_akiinde,oreakinde.com
TheSaItIsHere,"‚Ä¢ Hi Paul, I was your fan ‚Ä¢ Then I became cooler ‚Ä¢ Now I'm your Air Conditioner ‚Ä¢",https://twitter.com/TheSaItIsHere,
ShaanVP,"Inventor of the 2 hour lunchbreak. started 6 companies, ‚ò†Ô∏è3 failed, üí∞2 sold, 1 still going üèãÔ∏è‚Äç‚ôÇÔ∏è",https://twitter.com/ShaanVP,shaanpuri.com
Tarunvijay,So live your life that the fear of death can never enter your heart.,https://twitter.com/Tarunvijay,
PresidentBio,H.E. Julius Maada Woni Bio is the current and the 5th President of the Republic of Sierra Leone.,https://twitter.com/PresidentBio,statehouse.gov.sl
cmbjpup,"State Secretary, #BJP #UttarPradesh || Spokesperson @BJP4UP (2013-2020) || Organiser, @swadeshimanch (2002-2013) || Former @ABVPVoice ||@RSSorg swayamsevak üö©",https://twitter.com/cmbjpup,bjp.org
macguyvermedia,"CEO of @MacguyverTech01 and @MacNerdENT Ethical behavior on the #blockchain Making the world better, one person at a time https://t.co/0Onm4rKr9v",https://twitter.com/macguyvermedia,macnerd.io
SenatorLeahy,Archived account: Patrick Leahy was the senior United States Senator from Vermont.,https://twitter.com/SenatorLeahy,web.archive.org/web/2023010215‚Ä¶
SitaramYechury,"Comrade, Communist Party of India (Marxist). FB:https://t.co/iYzZrnZc1R

https://t.co/QFE4q2sOMB",https://twitter.com/SitaramYechury,cpim.org
clairecmc,"Former bunch of stuff including Senator from Missouri, currently @NBCNews and @MSNBC analyst, professional grandmother.",https://twitter.com/clairecmc,twitter.com/clairecmc
VivianBala,"Minister for Foreign Affairs of Singapore, Member of Parliament for Holland-Bukit Timah",https://twitter.com/VivianBala,Vivian.Balakrishnan.Sg
Mike_Pence,"Husband, father, 48th Vice President of the United States üá∫üá∏",https://twitter.com/Mike_Pence,
MfnH,#MACHINEHEAD's colossal tenth album #√òFKINGD√òMANDCR√òWN out now via @NuclearBlast X Imperium Recordings - https://t.co/WfR1Nz1Ug5,https://twitter.com/MfnH,linktr.ee/machinehead
MdShahriarAlam,"Minister of State for Foreign Affairs, People's Republic of Bangladesh. Member of Parliament.",https://twitter.com/MdShahriarAlam,shahriaralam.com
SenatorSinema,"Official Twitter feed of U.S. Senator Kyrsten Sinema, serving Arizona.",https://twitter.com/SenatorSinema,sinema.senate.gov
SenSherrodBrown,Chairman of @SenateBanking. Proud to serve Ohio.,https://twitter.com/SenSherrodBrown,brown.senate.gov
ngunjiriwambugu,Public Figure,https://twitter.com/ngunjiriwambugu,ngunjiriwambugu.com
lisamurkowski,Official Twitter account for U.S. Senator Lisa Murkowski. Follow me for news and updates on what's happening in the Senate and across Alaska.,https://twitter.com/lisamurkowski,murkowski.senate.gov
RebeccaKadagaUG,"1st Deputy Prime Minister of Uganda and Minister for East African Community Affairs. 


Speaker Emeritus of the 9th and 10th Parliament of Uganda.",https://twitter.com/RebeccaKadagaUG,parliament.go.ug
BernieSanders,"U.S. Senator for Vermont. Not me, us.",https://twitter.com/BernieSanders,BernieSanders.com
WHCommsDir,White House Communications Director,https://twitter.com/WHCommsDir,whitehouse.gov
kashmalamna,"Federal Ombudsman for Harassment, Member Parliament 2002-2012, Chairperson Commonwealth Women Parliamentarians, Executive Director PCHR",https://twitter.com/kashmalamna,Kashmala.com.pk
SenJeffMerkley,"Dad, runner, Chief Filibuster Antagonist. U.S. Senator from Oregon.",https://twitter.com/SenJeffMerkley,merkley.senate.gov
laurenboebert,Lauren Boebert for Congress Account: Congresswoman for CO-03. Professional RINO Hunter. Mom raising my 4 boys to be MEN before liberals teach them to be women!,https://twitter.com/laurenboebert,secure.winred.com/lauren-boebert‚Ä¶
PresOfPakistan,Dr. Arif Alvi ‚Äî The President of Islamic Republic of Pakistan,https://twitter.com/PresOfPakistan,president.gov.pk
aarongreenberg,"VP, Xbox Games Marketing at Microsoft. Board member @GamersOutreach, @SpecialEffect VP.",https://twitter.com/aarongreenberg,Xbox.com
Parliament_Ug,"Parliament derives its mandate & functions from the 1995 Constitution, the Laws of Uganda & its Rules of Procedure. Speakers: @AnitahAmong & @Thomas_Tayebwa",https://twitter.com/Parliament_Ug,parliament.go.ug
LittlesLewds,üíïJust some random E-girl https://t.co/fQWQEZeYiw https://t.co/EYWw1M5W2Y $LittleSpoonz,https://twitter.com/LittlesLewds,linktree.com/LittleSpoonz
VPIndia,"Official Twitter account of the Vice President of India, Shri Jagdeep Dhankhar.",https://twitter.com/VPIndia,vicepresidentofindia.nic.in
LiamFox,Member of Parliament for North Somerset. International Trade Secretary (2016-19) & Defence Secretary (2010-11). Sponsor of the #DownSyndromeBill,https://twitter.com/LiamFox,liamfox.co.uk
FatboySlim,Official Fatboy Slim / Norman Cook #SmileHighClub,https://twitter.com/FatboySlim,fatboyslim.net
alfranken,"Husband, Dad, Granddad, Democrat, Minnesotan, Author, Human Cannonball, Comedian Currently on Tour, Host of The Al Franken Podcast",https://twitter.com/alfranken,alfranken.com
KARLIEREDD,Recording Artist | Love & Hip Hop ATL | Reality Personality | Actress | Model | Film Director | Booking: Bookings@KarlieRedd.com (310)358-5424 IG: IamKarlieRedd,https://twitter.com/KARLIEREDD,KarlieRedd.com
ArtGofa,#SFW #NSFW Artist,https://twitter.com/ArtGofa,subscribestar.adult/gofa_chan
jakubstefano23,Content creator Brand ambasador of @flirt4free More content and chat with me at https://t.co/eyr3zv3anG,https://twitter.com/jakubstefano23,getsl.ink/jakubstefano
ThamizhachiTh,"Official Account of Dr.Thamizhachi Thangapandian. Dravidian | Writer | Poet | Social Activist | Politician | Elected Member of Parliament for South Chennai, TN.",https://twitter.com/ThamizhachiTh,ithamizhachi.com
rashtrapatibhvn,"Official Twitter account of Rashtrapati Bhavan and is run by the President‚Äôs Secretariat | Smt Droupadi Murmu, President of India.",https://twitter.com/rashtrapatibhvn,presidentofindia.nic.in
thomasfiss,"Vice President, Music @OneofNFT",https://twitter.com/thomasfiss,thomasfiss.com
SarojPandeyBJP,"BJP Karyakarta. Member of Parliament, Rajya Sabha. Limca Book record holder for holding elected positions of MP, MLA, and Mayor at the same time.",https://twitter.com/SarojPandeyBJP,sarojpandey.co.in
dasraghubar,"‡§™‡•Ç‡§∞‡•ç‡§µ ‡§Æ‡•Å‡§ñ‡•ç‡§Ø‡§Æ‡§Ç‡§§‡•ç‡§∞‡•Ä, ‡§ù‡§æ‡§∞‡§ñ‡§Ç‡§°‡•§ ‡§∞‡§æ‡§∑‡•ç‡§ü‡•ç‡§∞‡•Ä‡§Ø ‡§â‡§™‡§æ‡§ß‡•ç‡§Ø‡§ï‡•ç‡§∑, ‡§≠‡§æ‡§ú‡§™‡§æ‡•§
‡§ù‡§æ‡§∞‡§ñ‡§Ç‡§° ‡§ï‡§æ ‡§¶‡§æ‡§∏‡•§",https://twitter.com/dasraghubar,bjp.org
DanielPlatzman,"Proud board member of KultureCity + TRF,Imagine Dragons drummer, Film Scorer, Composer, Multi-Instrumentalist, and forever an ATLien. I don‚Äôt have Facebook",https://twitter.com/DanielPlatzman,linktr.ee/danielplatzman
SenRonJohnson,Proud to serve Wisconsin in the U.S. Senate.,https://twitter.com/SenRonJohnson,ronjohnson.senate.gov
JerryMoran,Official account of U.S. Senator Jerry Moran. Honored to represent Kansans in the U.S. Senate.,https://twitter.com/JerryMoran,moran.senate.gov
tiktokcreators,"The official account for @tiktok_us creators who inspire creativity and bring joy ‚ú®
For account support, DM @tiktoksupport",https://twitter.com/tiktokcreators,linktr.ee/TikTokCreators
David_S_Tembe,"ActionSA Senator. Former MMC of Public Safety. Former Chief of(joburg EMS, JMPD and National Traffic Police)",https://twitter.com/David_S_Tembe,
HarrietHarman,Member of Parliament for Camberwell and Peckham. Mother of the House of Commons. Chair @HumanRightsCtte,https://twitter.com/HarrietHarman,harrietharman.org
maziehirono,U.S. Senator Mazie K. Hirono - Proudly Serving the People of Hawaii,https://twitter.com/maziehirono,hirono.senate.gov
NikosDendias,Œ•œÄŒøœÖœÅŒ≥œåœÇ ŒïŒæœâœÑŒµœÅŒπŒ∫œéŒΩ - ŒíŒøœÖŒªŒµœÖœÑŒÆœÇ Œù.Œî. | Greek Minister of Foreign Affairs - Member of Parliament with the New Democracy (‚ÄúNea Dimokratia‚Äù) party | @GreeceMFA,https://twitter.com/NikosDendias,mfa.gr
SenJohnBarrasso,"U.S. Senator for the great state of Wyoming, @SenateGOP Chairman, and Ranking Member of @EnergyGOP. https://t.co/bMw3qwlxRu",https://twitter.com/SenJohnBarrasso,barrasso.senate.gov
SenatorRisch,U.S. Senator for Idaho,https://twitter.com/SenatorRisch,risch.senate.gov
DavidDavisMP,Conservative Member of Parliament for Haltemprice and Howden.,https://twitter.com/DavidDavisMP,daviddavismp.com
schrep,Backing climate tech & science.  AI.  Senior Fellow (Formerly CTO) @ Facebook/Meta.  All opinions generated by my digital twin.,https://twitter.com/schrep,
GeorgeWeahOff,President of the Republic of Liberia.,https://twitter.com/GeorgeWeahOff,emansion.gov.lr
Krekkov,"üîû
https://t.co/YtESQYNlcF
üîû
https://t.co/rTVKsn8XmN
üîû
https://t.co/Ah2ge8Ipqn
üîû R-18G : krekk0verkill
@Harsh_Mallowz my little pumpkinüéÉüíñ",https://twitter.com/Krekkov,krekkov.fanbox.cc
FitFounder,High Performance Coach To Entrepreneurs | Helping 1 million transform their lives by 2027. Tweets on health optimization. Sign up for strategy callüëáüèº,https://twitter.com/FitFounder,highperformancefounder.com/apply
myslf_soham,"Actor/Producer | Member of Legislative Assembly | Vice President, All India Trinamool Youth Congress | https://t.co/RO43Wnv2wh",https://twitter.com/myslf_soham,facebook.com/IamtheSoham
realDonaldTrump,45th President of the United States of Americaüá∫üá∏,https://twitter.com/realDonaldTrump,Vote.DonaldJTrump.com
jayantsinha,"BJP Member of Parliament - Hazaribagh. Former venture capitalist; passionate about India, technology, tennis & cricket.",https://twitter.com/jayantsinha,
FawziaYusufAdam,"Presidential Candidate, Member of Parliament, Somalia, Chair of NDP  and Chair of HIIGSI Coallition, Former Deputy Prime Minister & Minister of Foreign Affairs.",https://twitter.com/FawziaYusufAdam,parliament.gov.so
rsprasad,"Member of Parliament from Patna Sahib Lok Sabha, Bihar. BJP worker.",https://twitter.com/rsprasad,instagram.com/ravishankarpra‚Ä¶
indianmusic,"Founder and CTO Telepathic, Formerly Chief Scientist Smule, 
Founded Georgia Tech Music Intelligence Lab, CCRMA / Stanford Alum
https://t.co/hezrvPKp5O",https://twitter.com/indianmusic,paragchordia.com
hannahferrier_,OG of #belowdeckmed and now helping people realise their dreams of working on yachts! Podcast Host of Dear Reality You‚Äôre Effed,https://twitter.com/hannahferrier_,oceaninternationaltrainingacademy.com/?r_done=1
SenatorWarnock,United States Senator for Georgia. Pastor of Ebenezer Baptist Church.,https://twitter.com/SenatorWarnock,warnock.senate.gov
JeffMerkley,Husband. Dad. Garage tinkerer. Thorn in the side of the privileged and powerful. U.S. Senator from Oregon. Official campaign account. Fighting for YOU. He/Him.,https://twitter.com/JeffMerkley,JeffMerkley.com
GavinWilliamson,Conservative Member of Parliament for South Staffordshire. For any casework issues please email gavin.williamson.mp@parliament.uk,https://twitter.com/GavinWilliamson,
AndriyYermak,–ö–µ—Ä—ñ–≤–Ω–∏–∫ –û—Ñ—ñ—Å—É –ü—Ä–µ–∑–∏–¥–µ–Ω—Ç–∞ –£–∫—Ä–∞—ó–Ω–∏ / Head of the Office of the President of Ukraine,https://twitter.com/AndriyYermak,president.gov.ua
Mukulaa,"National Vice Chairman NRM Eastern, Chairman Pan African Movement, Harvard Fellow, Entrepreneur, Free Thinker, Pilot, MBA, PhD.",https://twitter.com/Mukulaa,nrm.ug
alfonslopeztena,Jurist‚ÄîCatalan Parliament and Spanish Judiciary Council‚Äôs former member‚ÄîWrites in @businessinsider‚Äî@ctxt_es‚Äî@myfairobserver‚Äî@Jerusalem_Post‚Äî@htTweets‚Äî@trtworld,https://twitter.com/alfonslopeztena,facebook.com/alfonslopeztena
hbarra,"CEO Detect @DetectTest; former VP VR at Facebook/Meta @Oculus, VP Global @Xiaomi, VP Product Android @Google",https://twitter.com/hbarra,detect.com
GoncharenkoUa,"Vice President of the PACE Committee on Migration, Refugees and Displaced Persons, Ukrainian MP",https://twitter.com/GoncharenkoUa,goncharenko.od.ua
AlboMP,"Prime Minister of Australia. Member for Grayndler. Authorised by Anthony Albanese, ALP, Canberra.",https://twitter.com/AlboMP,anthonyalbanese.com.au
SenatorRomney,United States Senator from the great state of Utah.,https://twitter.com/SenatorRomney,romney.senate.gov
varungandhi80,"Member of Parliament (Lok Sabha), Pilibhit. Writer. Poet. Author of ‚ÄòThe Otherness of Self‚Äô, ‚ÄòStillness‚Äô, ‚ÄòA Rural Manifesto‚Äô, and ‚ÄòThe Indian Metropolis‚Äô.",https://twitter.com/varungandhi80,
SenTedCruz,Representing the State of Texas in the United States Senate.,https://twitter.com/SenTedCruz,cruz.senate.gov
Ianblackford_MP,"Member of Parliament for Ross, Skye and Lochaber. Constituents with questions should email ian.blackford.mp@parliament.uk",https://twitter.com/Ianblackford_MP,ianblackford.scot
SenatorTester,Third-generation Montana farmer. Proud grandfather. Former school teacher. Flattop icon. Trumpet player. Montana's senior Senator.,https://twitter.com/SenatorTester,tester.senate.gov
WMutunga,INSPIRING THE YOUTH TO CREATE BETTER TOMORROWS.,https://twitter.com/WMutunga,
MbuyiseniNdlozi,EFF Commissar & Member of Parliament- @EFFSouthAfrica,https://twitter.com/MbuyiseniNdlozi,effonline.org
ScotParl,"An official account. For visitor info, follow @VisitScotParl. Sa Gh√†idhlig: @ParlAlba",https://twitter.com/ScotParl,parliament.scot
POTUS,"46th President of the United States, husband to @FLOTUS, proud dad & pop. Tweets may be archived: https://t.co/HDhBZBkKpU
Text me: (302) 404-0880",https://twitter.com/POTUS,WhiteHouse.gov
shaktisinhgohil,"Member of the Indian National Congress | Member of Parliament, Rajya Sabha | Former Leader of Opposition & Former Minister, Gujarat.",https://twitter.com/shaktisinhgohil,shaktisinhgohil.com
BOM_au,Official Bureau of Meteorology account for national weather and Bureau information. Check https://t.co/xwc7CrEWum for the latest warnings. CRICOS 02015K,https://twitter.com/BOM_au,bom.gov.au
YvetteCooperMP,"Labour MP for Normanton, Pontefract, Castleford & Knottingley. For constituency casework pls contact coopery@parliament.uk",https://twitter.com/YvetteCooperMP,yvettecooper.com
REALLiSAMARiE,"Pro Wrestler WWE Victoria & Impact Wrestling Tara. Host. https://t.co/gzNaLDHzzd , IFBB Pro Fitness. bookings: BookLisaNow@gmail.com",https://twitter.com/REALLiSAMARiE,lisamarievaron.bigcartel.com
MPRnews,Telling stories of Minnesotans and keeping you informed üìù | On the airwaves and online üìª | https://t.co/4PHDYVYpz5 | üì∏ https://t.co/p9wmKsYk4e,https://twitter.com/MPRnews,mprnews.org
DanielAndrewsMP,Premier of Victoria,https://twitter.com/DanielAndrewsMP,premier.vic.gov.au
kcvenugopalmp,Parliament Member - Rajya Sabha | General Secretary @INCIndia in-charge of Organisation | Former Minister of State for Civil Aviation & Power in GoI,https://twitter.com/kcvenugopalmp,inc.in
UKParliament,We're made up of @HouseofCommons and @UKHouseofLords. Follow to find out how we scrutinise the government and discuss issues important to you.,https://twitter.com/UKParliament,parliament.uk
juliannehough,Your Power. Expanded.,https://twitter.com/juliannehough,hoo.be/juleshough
vp_offl,film maker & a die hard fan of team india & team csk,https://twitter.com/vp_offl,youtube.com/channel/UCQ4mk‚Ä¶
TomPerez,Lifelong Democrat. Civil rights attorney. Former @thedemocrats chair. U.S. Labor Secretary for @barackobama. Proud son of immigrants üá©üá¥. Dad of 3+Bubba üê∂,https://twitter.com/TomPerez,tomperez.com
BushraGohar,Former Member of Parliament #NationalDemocraticMovement‚Äôs (#NDM) Founding Member & Chairperson Pakhtunkhwa Organising Committee,https://twitter.com/BushraGohar,m.facebook.com/bushra.gohar
JaclynCorin,"Harvard ‚Äò23 | Co-Founder, Board Member @AMarch4OurLives | Contact: jaclyncorin@gmail.com",https://twitter.com/JaclynCorin,
SenTomCotton,U.S. Senator proudly serving the state of Arkansas.,https://twitter.com/SenTomCotton,cotton.senate.gov
senrobportman,Former United States Senator from the Buckeye State,https://twitter.com/senrobportman,portman.senate.gov
SenatorCollins,"United States Senator from Maine. 
All tweets originate from the Press Office of Senator Susan Collins.",https://twitter.com/SenatorCollins,collins.senate.gov
SenatorWicker,Senior U.S. Senator for Mississippi. Ranking Member @SASCGOP. Please visit my website for updates.,https://twitter.com/SenatorWicker,wicker.senate.gov
BJP4India,"Welcome to official account of the world's largest Political Party of the world's largest Democracy- BHARATIYA JANATA PARTY, ‡§≠‡§æ‡§∞‡§§‡•Ä‡§Ø ‡§ú‡§®‡§§‡§æ ‡§™‡§æ‡§∞‡•ç‡§ü‡•Ä.",https://twitter.com/BJP4India,bjp.org
CMO_Odisha,"Office of the Chief Minister, Odisha",https://twitter.com/CMO_Odisha,cm.odisha.gov.in
OmarAbdullah,Vice President @JKNC_ Tweets are my own. FB page - abdullah_omar Instagram page - omar_abdullah_jk Mastodon @omar_abdullah@toot.community,https://twitter.com/OmarAbdullah,
Thomas_Tayebwa,"Deputy Speaker, Parliament of the Republic of Uganda.Member of Parliament, Ruhinda North County, Mitooma District,  proud husband & Father, God fearing",https://twitter.com/Thomas_Tayebwa,parliament.go.ug
SenSanders,"Sen. Sanders of Vermont, Chair of the U.S. Senate Committee on Health, Education, Labor & Pensions, is the longest-serving independent in congressional history.",https://twitter.com/SenSanders,sanders.senate.gov
brikeilarcnn,"CNN Anchor, Mom, #MilSpo, @BlueStarFamily board member. My column, Home‚≠êÔ∏èFront - https://t.co/0aablkJshO",https://twitter.com/brikeilarcnn,
WHCOVIDResponse,The Biden-Harris White House COVID-19 Response Team,https://twitter.com/WHCOVIDResponse,whitehouse.gov
DrAmirKhanGP,NHS Doctor‚Ä¢Best Selling Author‚Ä¢GP on @lorraine + @GMB‚Ä¢ President @Natures_Voice ‚Ä¢Vice President @wildlifetrusts‚Ä¢ Ambassador @savebutterflies,https://twitter.com/DrAmirKhanGP,instagram.com/doctoramirkhan/
MahilaCongress,Official Twitter Account of All India Mahila Congress. Largest women frontal organisation of any political party in the world | National President ‚Äî @dnetta,https://twitter.com/MahilaCongress,inc.in/en/all-india-m‚Ä¶
BarstoolChief,@barstoolchicago. Burrata gang member. @dogwalkbarstool Chief@Barstoolsports.com.,https://twitter.com/BarstoolChief,barstoolsports.com/chicago
ctoLarsson,"#Bitcoin cto.eth YouTuber Ex @ericsson 2G 3G 4G 5G, 8 billion subs. 4 young kids & a beautiful wife. https://t.co/ljhrrYjD3w Larsson Line: https://t.co/azYLCcpbv4 üá∏üá™",https://twitter.com/ctoLarsson,youtube.com/ctoLarsson
TheVijayMallya,"Former two term Member of Parliament, Chairman of The UB Group,Sports enthusiast, Veteran Formula One Team Principal, Championing Youth empowerment.",https://twitter.com/TheVijayMallya,twitter.com/thevijaymallya
FrankTumwebazek,"Account for the Minister of Agriculture, animal industry & fisheries, Government of Uganda.

 LISTEN, LEARN & LEAD",https://twitter.com/FrankTumwebazek,agriculture.go.ug
FBaresi,@acmilan Honorary Vice-President - Former Italy and AC Milan captain,https://twitter.com/FBaresi,
SteveCase,Chairman of @Revolution. Chairman of @CaseFoundation. Chair of @Smithsonian. Co-founder of @AOL. Author of @RiseOfRest @ThirdWaveBook. Champion of @RiseOfRest.,https://twitter.com/SteveCase,rvltn.vc/ROTR
SenRickScott,Florida's U.S. Senator. Fighting for Florida families and to Make Washington Work. #LetsGetToWork https://t.co/O6Ra1UNW96,https://twitter.com/SenRickScott,rickscott.senate.gov
WSBChairman,the chairman // @wallstreetsiren,https://twitter.com/WSBChairman,linktr.ee/thewsbchairman
City_Chief,"Everything Manchester City: News, Gossip, Analysis and much more. A comprehensive & independent coverage of #ManCity",https://twitter.com/City_Chief,
nityanandraibjp,"Minister of State for Home Affairs, Govt. of India | Member of Parliament, Ujiyarpur (Bihar).",https://twitter.com/nityanandraibjp,
ABCaustralia,"Official account of the Australian Broadcasting Corporation, connecting you to the best content. Follows ABC accounts, lists trusted profiles.",https://twitter.com/ABCaustralia,abc.net.au
SenatorTimScott,"Just a South Carolinian living his mama‚Äôs American Dream.

Ranking Member of @BankingGOP",https://twitter.com/SenatorTimScott,scott.senate.gov
ArmyChiefStaff,40th Chief of Staff of the U.S. Army. (Following & RTs ‚â† Endorsement),https://twitter.com/ArmyChiefStaff,army.mil/leaders/csa/
MrsGandhi,BJP Karyakarta.,https://twitter.com/MrsGandhi,bjp.org
theresa_may,Member of Parliament for Maidenhead. Former Prime Minister of the United Kingdom.,https://twitter.com/theresa_may,
SenFranken,Former U.S. Senator Al Franken of Minnesota.,https://twitter.com/SenFranken,
SPNigeria,"Official account of the office of the President of the Senate, Federal Republic of Nigeria.",https://twitter.com/SPNigeria,senatepresident.gov.ng
ScottforFlorida,"Senator from Florida, Grandpa, Father, Husband, 45th Governor of Florida, Navy Vet, Businessman. #LetsGetToWork",https://twitter.com/ScottforFlorida,rickscottforflorida.com
SenBobCasey,"Official twitter profile for U.S. Senator Bob Casey. Husband, dad, grandpa, history buff, Chairman @SenateAging. Fighting for PA‚Äôs children and families.",https://twitter.com/SenBobCasey,casey.senate.gov
pwatchug,"Par¬≠lia¬≠ment Watch Uganda is a vir¬≠tual tracker that mon¬≠i¬≠tors the Par¬≠lia¬≠ment of Uganda on a reg¬≠u¬≠lar ba¬≠sis, pro¬≠vides rel¬≠e¬≠vant data & ex¬≠pert insights",https://twitter.com/pwatchug,parliamentwatch.ug
usairforce,"Official U.S. Air Force Twitter (Following, RTs & links ‚â† endorsement) #AimHigh",https://twitter.com/usairforce,af.mil
yu_angela,Teaching 1.8 Million people to code. Previously medical doctor & surgical trainee in the NHS. Founder/CTO @ the App Brewery. Surfing the seven seas üèÑ‚Äç‚ôÄÔ∏è.,https://twitter.com/yu_angela,appbrewery.com
KemiBadenoch,Secretary of State for International Trade. Member of Parliament for Saffron Walden. For constituent queries pls use Kemi.Badenoch.mp@parliament.uk,https://twitter.com/KemiBadenoch,facebook.com/kemibadenoch
Naija_Activist,Stan account Of Vice Presidential Candidate of Labour Party. Pushing the #ObiDatti2023 Movement. Tweets not signed by Yusuf Datti Baba-Ahmed,https://twitter.com/Naija_Activist,
hitRECordJoe,Pinocchio ü¶ó - Mr. Corman üéßü§ç -- VP Creative Innovation at MasterClass - art & community on HITRECORD üî¥,https://twitter.com/hitRECordJoe,hitrecord.org
TheRealCEOAmber,Sport Analyst || Brand influencer || ‚öΩÔ∏è Tipster || Man Utd Baby || Always Bet Responsibly || For ads üìß,https://twitter.com/TheRealCEOAmber,t.me/+HZMRfOHn79w4Y‚Ä¶
Shehzad_Ind,"BJP National Spokesperson-Prabhari Delhi BJP SM- Tweets personal;Religion Islam,Culture~Hindu,Ideology~Bhartiya : Subscribe: https://t.co/9xwjmiltQ2",https://twitter.com/Shehzad_Ind,bjp.org
MeMpHiTz,Please submit all business inquiries to Me @ TheRealMeMpHiTz@icloud.com #TheReeLizBack #TheRealMeMpHiTz #DoWork. @TheRealMeMpHiTz on Insta,https://twitter.com/MeMpHiTz,TheRealMeMpHiTz.com
JDMahama,"Official account of H.E. John Dramani Mahama, Former President of the Republic of Ghana (2012- 2017).",https://twitter.com/JDMahama,johnmahama.org
Padmasree,"Founder @Getfable. Board member @Microsoft & @Spotify; Previously CEO NIO U.S; CTSO @Cisco. Passionate advocate for women in tech. Love art, books, haiku",https://twitter.com/Padmasree,linkedin.com/in/padmasree-w‚Ä¶
IanKingSky,"Business Presenter, @SkyNews, business columnist, @thetimes & advisory board member, @AllianceMBS. Ian King Live is on Sky News at 1000-1100 UK time Mon-Fri",https://twitter.com/IanKingSky,
sajidjavid,Member of Parliament for Bromsgrove,https://twitter.com/sajidjavid,sajidjavid.com
thejointstaff,"Official Twitter account for #GenMilley, #AdmGrady and #SEAC4. 
Following, RTs, links, and likes ‚â† @DeptofDefense endorsement.",https://twitter.com/thejointstaff,jcs.mil
carlquintanilla,"23 years @CNBC & @NBCNews / Peabody Award, Emmy, Murrow, duPont winner / @WSJ alum / Board member, @NYCityCenter",https://twitter.com/carlquintanilla,cnbc.com/carl-quintanil‚Ä¶
SubhashGhai1,"Filmmaker & Educationist; Chairman, Mukta Arts Ltd. and Founder & Chairman, Whistling Woods International - Film, Communication & Media Arts Institute, Mumbai ‚ò∫",https://twitter.com/SubhashGhai1,whistlingwoods.net
ScottMorrisonMP,"Federal Member for Cook. Authorised by S. Morrison, Liberal Party, Canberra.",https://twitter.com/ScottMorrisonMP,lbr.al/links
_dinomelaye,"Senator of the Federal Republic of Nigeria,  Former member House of Reps, Founder -Anti Corruption network, Democratic evangelist and Private Investigator",https://twitter.com/_dinomelaye,senatordinomelaye.com
chrisbrogan,"Chief of Staff: Appfire. Strategic advisor, investor, author - https://t.co/uf9ECqTGQX | Contact: chris@chrisbrogan dot com | üè≥Ô∏è‚Äç‚ößÔ∏è-ally/LGBTQ |",https://twitter.com/chrisbrogan,chrisbrogan.com
JimNagy_SB,Husband / Dad / Executive Director Reese's Senior Bowl / 18-year NFL Scout/ 6x Super Bowl participant (4x SB champ) / Michigan Alum,https://twitter.com/JimNagy_SB,seniorbowl.com
mrdannyglover,"Actor, Director, Producer, Political Activist",https://twitter.com/mrdannyglover,mrdannyglover.com
AvakinOfficial,"Discover the exciting virtual world of #AvakinLife. Download now for Android, iOS, and Amazon.",https://twitter.com/AvakinOfficial,linktr.ee/avakinlife.off‚Ä¶
iamvijayvasanth,"Member of Parliament, Kanyakumari LS. Business Head| AICC Member| General Secretary TNCC | Social Activist | 
Proud son of H Vasantha Kumar, Ex MP, Kanyakumari",https://twitter.com/iamvijayvasanth,facebook.com/iamvijayvasant‚Ä¶
DidmusWaBarasa,Official Account For Kimilili Member Of National Assembly. | @NAssemblyKE,https://twitter.com/DidmusWaBarasa,parliament.go.ke/index.php/node‚Ä¶
CliffGFuelCEO,"Founder, CEO @GfuelEnergy @GammaLabs #GFUEL Official Energy Drink of Esports¬Æ",https://twitter.com/CliffGFuelCEO,GFuel.com
SenMarkey,"Senator for Massachusetts. Chair of Clean Air, Climate & Nuclear Safety and Primary Health & Retirement Security subcommittees. Fighting for a Green New Deal.",https://twitter.com/SenMarkey,markey.senate.gov
VP44,This is an archive of an Obama Administration account maintained by the National Archives and Records Administration (NARA).,https://twitter.com/VP44,obamalibrary.gov/research/archi‚Ä¶
SenFeinstein,United States Senator from California. On Facebook at: https://t.co/RVLkJPLS9Y,https://twitter.com/SenFeinstein,feinstein.senate.gov
hwendec,MP Kuwadzana East Constituency ),https://twitter.com/hwendec,parlzim.gov.zw/dt_team/hon-hw‚Ä¶
NFTLlama,CTO/CPO @llamalabsnft // hire us for dev/gfx services ~~ https://t.co/cM0bAJ98zZ,https://twitter.com/NFTLlama,llamalabs.io
Jacob_Rees_Mogg,Member of Parliament for North East Somerset.,https://twitter.com/Jacob_Rees_Mogg,jacobreesmogg.com
sendavidperdue,Official Twitter account for U.S. Senator David Perdue of Georgia.,https://twitter.com/sendavidperdue,perdue.senate.gov
SenDuckworth,"Official Twitter account for U.S. Senator Tammy Duckworth. For more information, visit",https://twitter.com/SenDuckworth,duckworth.senate.gov
micsolana,billionaire media tycoon and former mayor of san francisco. vp @foundersfund. editor-in-chief @piratewires üè¥‚Äç‚ò†Ô∏è,https://twitter.com/micsolana,piratewires.com
DWeEzY51,DM Me For Promoüîû,https://twitter.com/DWeEzY51,
MikeCrapo,United States Senator for the great state of Idaho.,https://twitter.com/MikeCrapo,crapo.senate.gov
BucketHeadDyn,I like to make videos & music Business Inquiries: contactdyn@gmail.com I STREAM ON TWITCH ALSO https://t.co/1H7yeYnsgL,https://twitter.com/BucketHeadDyn,youtube.com/BucketheadNati‚Ä¶
NGRPresident,Follow for the latest information from the Presidency of the Federal Republic of Nigeria,https://twitter.com/NGRPresident,statehouse.gov.ng
SATAVRAJEEV,"* MLC Maharashtra 
* Elected Member A.I.C.C
* Vice President @INCMaharashtra  *MBBS - Opthalmoligst 
*Congress Loyalist",https://twitter.com/SATAVRAJEEV,
poonam_mahajan,"Member of Parliament - Mumbai North Central | Mom of 2 | Foodie, Traveller & Animal Lover",https://twitter.com/poonam_mahajan,poonammahajan.in
SenJohnThune,"Senate Republican Whip. Representing South Dakota. Father. Grandfather. Husband. Sports Fan. Avid Outdoorsman. Hates Shoveling Snow.
https://t.co/CAJybse6Mc",https://twitter.com/SenJohnThune,thune.senate.gov
ummymwalimu,"Member of Parliament, Tanga Urban Constituency 2020-2025 | Minister of Health UR-Tanzania Jan. 2022 to-date | Former Minister of Health 2015-2020 & PO-RALG 2021",https://twitter.com/ummymwalimu,moh.go.tz
mellinger,"Husband. Father. Kansas City Royals Vice President of Communications. Former sports writer. Former lots of other stuff, too.",https://twitter.com/mellinger,royals.com
SCPh_PIO,"Official account of the Philippine Supreme Court's Public Information Office (PIO). For contact details, please visit https://t.co/1TK7EgaHHD",https://twitter.com/SCPh_PIO,sc.judiciary.gov.ph
tedcruz,"Father of two, @heidiscruz's husband, fighter for liberty. Representing the great state of Texas in the U.S. Senate.",https://twitter.com/tedcruz,justicecorruptedbook.com
johnmcdonnellMP,Labour MP for Hayes and Harlington and former Shadow Chancellor. Join the Labour Party here: https://t.co/vbWxb5FqMM,https://twitter.com/johnmcdonnellMP,john-mcdonnell.net
tarunchughbjp,"|| BJP Worker || National General Secretary, BJP || Incharge Jammu & Kashmir, Telangana, Ladakh & @BJYM ||",https://twitter.com/tarunchughbjp,bjp.org
SenatorCarper,"Husband, father, proud @USNavy veteran and former governor. U.S. Senator for Delaware and Chairman @EPWCmte",https://twitter.com/SenatorCarper,carper.senate.gov
SenatorCantwell,U.S. Senator from Washington State | Chair @commercedems  | https://t.co/hxwJAXpyg7‚Ä¶ | https://t.co/TZiAX2cens | RT‚â†endorsement,https://twitter.com/SenatorCantwell,cantwell.senate.gov
SureshNakhua,"Official Spokesperson, @BJP4Mumbai | 
Digital Marketing Consultant | 
Views Personal | RT, Like ‚â† Endorsement |",https://twitter.com/SureshNakhua,bjp.org
BenSasse,Go Gators!,https://twitter.com/BenSasse,ufl.edu
ParliamentofRSA,"The official twitter feed of Parliament of the Republic of South Africa. We pass laws, oversee executive action & facilitate public participation.",https://twitter.com/ParliamentofRSA,parliament.gov.za
jtnladakh,BJP Karyakarta | Member of Parliament in Lok Sabha - Ladakh,https://twitter.com/jtnladakh,jtnladakh.in
PEPFAR,PEPFAR is a U.S. government program helping those affected by HIV/AIDS. Likes & RTs do not imply endorsement. Follow @USAmbPEPFAR for more from the Ambassador.,https://twitter.com/PEPFAR,state.gov/pepfar/
KamalaHarris,"Fighting for the people. Wife, Momala, Auntie. She/her. Official account is @VP.",https://twitter.com/KamalaHarris,joebiden.com
SenMikeLee,I am a United States Senator from the great state of Utah. Please help me restore constitutional leadership to Washington.,https://twitter.com/SenMikeLee,lee.senate.gov
aitcsudip,"State spokesperson All India Trinamool Congress‡•§Founder President, Presidency University Student's Association‡•§ Vice President, West Bengal TMCP",https://twitter.com/aitcsudip,facebook.com/aitcsudip
TomCottonAR,"U.S. Senator for Arkansas. For official updates, see @SenTomCotton. RLTW.",https://twitter.com/TomCottonAR,tomcotton.com
David_Njoku80,Chief Njoku üá≥üá¨ I FEAR GOD,https://twitter.com/David_Njoku80,
MarkMcGowanMP,"Dad to Samuel, Alexander and Amelia. Husband to Sarah. WA Premier. Rockingham local.",https://twitter.com/MarkMcGowanMP,markmcgowan.com.au
andrea_mclean,"I help midlife women feel great about themselves again, so they can do whatever they want.",https://twitter.com/andrea_mclean,andreamclean.com
GabbyQuinteros,https://t.co/9QlvyXIKlC ‚ù§Ô∏è https://t.co/E2EDXx6wD6,https://twitter.com/GabbyQuinteros,GabbyFans.com
GhanaPresidency,"Official Twitter handle for the Office of the President of the Republic of Ghana, managed by the Jubilee House Communications Bureau.",https://twitter.com/GhanaPresidency,presidency.gov.gh
DarshanaJardosh,"Minister of State for Railways & Textiles, Government of India | Member of Parliament, Surat Lok Sabha",https://twitter.com/DarshanaJardosh,instagram.com/darshanajardosh
IKRPresident,President of the Kurdistan Region - Iraq.,https://twitter.com/IKRPresident,presidency.gov.krd
Sarahchadwickk,MSD high school ‚Äò19 // Syracuse Universityüçä Co-founder of @AMarch4Ourlives #blacklivesmatter,https://twitter.com/Sarahchadwickk,blacklivesmatter.com
Qantas,"The official Qantas Twitter account. 
We‚Äôre online 24 hours a day, 7 days a week. 
Member of the oneworld Alliance.
House Rules: https://t.co/zEbTr0LbZv",https://twitter.com/Qantas,qantas.com
kyrstensinema,"US Senator for Arizona. Also: teaching @ASU, ultramarathoner, Boston qualifier, and IRONMAN.",https://twitter.com/kyrstensinema,KyrstenSinema.com
nadhimzahawi,Husband. Dad. Member of Parliament for Stratford-on-Avon.,https://twitter.com/nadhimzahawi,zahawi.com
SushmitaDevAITC,"Member of Parliament, Rajya Sabha | Member, All India Trinamool Congress.",https://twitter.com/SushmitaDevAITC,
Lesuuda,"This is the official Twitter account of Hon. Naisula Lesuuda - Member of Parliament Samburu West. Journalist, Peace, Children. @NLPFoundation",https://twitter.com/Lesuuda,naisulalesuuda.org
raghav_chadha,"Member of Parliament (Rajya Sabha); National Spokesperson, PAC Member, National Executive Member, Aam Aadmi Party; Chartered Accountant RTs ‚â† endorsements",https://twitter.com/raghav_chadha,aamaadmiparty.org/official-spoke‚Ä¶
Reggie,Retired President/COO @NintendoAmerica | Author of DISRUPTING THE GAME | Represented by @LAIspeakers | Board member | @Cornell advocate | Business provocateur,https://twitter.com/Reggie,reggiefils-aime.com
HartwigSchafer,Leader and Development Professional with over three decades of global experience and former South Asia Regional Vice President at the World Bank,https://twitter.com/HartwigSchafer,
InnaSovsun,"Member of #Ukraineüá∫üá¶ Parliament, Deputy Head of @GolosZmin party, First Deputy Minister of Education and Science (2014-2016)",https://twitter.com/InnaSovsun,facebook.com/sovsun.inna
vestager,Executive Vice-President of the European Commission for a Europe fit for the Digital Age (Competition). Renew Europe/ALDE Party. üá™üá∫ Tweets are always my own,https://twitter.com/vestager,
EP_President,President of @Europarl_EN üá™üá∫.,https://twitter.com/EP_President,europarl.europa.eu/the-president/
ABridgen,Member of Parliament for North West Leicestershire. Any policy queries please send to andrew@andrewbridgen.com,https://twitter.com/ABridgen,andrewbridgen.com
JMakamba,"Minister for Energy, Tanzania | Member of Parliament",https://twitter.com/JMakamba,
TPKanslia,Tasavallan presidentin kanslia / Republikens presidents kansli / Office of the President of the Republic of Finland Sauli @niinisto,https://twitter.com/TPKanslia,presidentti.fi
scherargei,"The official twitter handle of Nandi county Senator.
Former chairperson of Justice Legal affairs & Human rights Committee at senate of the Republic of kenya",https://twitter.com/scherargei,parliament.go.ke/the-senate
SenatorShaheen,Proud Granite Stater serving New Hampshire in the US Senate. Former Governor. Mother & Grandmother. Frequent Flyer. Pats & Red Sox Fan. Outdoor enthusiast.,https://twitter.com/SenatorShaheen,shaheen.senate.gov
sherryrehman,Pakistan‚Äôs Federal Minister for Climate Change;Vice President PPP; Former Leader Opposition Senate;FormerPak Amb to the US.Editor ‚ÄúWomansplaining‚Äù,https://twitter.com/sherryrehman,sherryrehman.com
RajapaksaNamal,Member of Parliament ‚Äî Hambantota District,https://twitter.com/RajapaksaNamal,nr.lk
FOCALISTIC,üè† AFRICA: bookfoca@gmail.com / 18areamusicbusiness@gmail.com / üåçINTL: focalistic@plugng.com // #GhettoGospel ü•∑üèæ‚õ™Ô∏è üíø OUT NOW üëáüèæ,https://twitter.com/FOCALISTIC,africori.to/ghetto_gospel
RobertKennedyJr,"Robert F. Kennedy, Jr. is founder, chairman + chief legal counsel for @ChildrensHD + founder of @Waterkeeper Alliance + served as longtime chairman and attorney",https://twitter.com/RobertKennedyJr,teamkennedy.com
SenBillNelson,14th NASA Administrator,https://twitter.com/SenBillNelson,nasa.gov
HonOscarSudi,The Official Twitter Account for Kapseret Constituency Member of Parliament.,https://twitter.com/HonOscarSudi,facebook.com/HonOscarSudiKi‚Ä¶
MsigwaPeter,Pastor | Former Member of parliament-iringa constituency 2010 -2020 | Former Shadow Minster for Natural Resource and Tourism üáπüáø,https://twitter.com/MsigwaPeter,msigwapeter.com
abdulla_shahid,Dad; Husband; Foreign Minister of Maldives üá≤üáª; President of the UNGA76 üá∫üá≥ ; Former Member of Parliament (1995 to 2018); Former Speaker of Parliament;,https://twitter.com/abdulla_shahid,foreign.gov.mv
PChidambaram_IN,"Official account of P. Chidambaram | Member of Parliament, RajyaSabha | Former Finance Minister, GoI | Here for short but serious comment on contemporary issues",https://twitter.com/PChidambaram_IN,pchidambaram.in
zarahsultana,Proud to be the Labour MP for Coventry South | Co-Chair of the Socialist Campaign Group of MPs | Co-founder @eiecampaign | coventrysouth@parliament.uk | she/her,https://twitter.com/zarahsultana,zarahsultana.com/donate
DeleMomodu,"A teacher, writer, author, publisher, politician, entrepreneur, speaker, actor, mentor, Philanthropist, Presidential Aspirant PDP 2023 and global citizen!",https://twitter.com/DeleMomodu,ovationinternational.com
RachelReevesMP,Shadow Chancellor of the Exchequer and Labour MP for Leeds West. Author: Women of Westminster (2019) T: 0113 255 2311 E: rachel.reeves.mp@parliament.uk,https://twitter.com/RachelReevesMP,rachelreevesmp.co.uk
HonWetangula,8th Speaker of the National Assembly of the Republic of Kenya.,https://twitter.com/HonWetangula,parliament.go.ke
amyklobuchar,U.S. Senator from Minnesota.,https://twitter.com/amyklobuchar,amyklobuchar.com
cassidoo,"Making memes, dreams, & software!
CTO at @contendaco!
Married to @ijoosong.
I like jokes and mechanical keyboards!
She/Her ‚úùÔ∏è",https://twitter.com/cassidoo,cassidoo.co
shaziailmi,Jazba-e-Hind! üáÆüá≥ Let‚Äôs unify India for a higher cause!! Proud to be followed by Hon‚Äôble PM Narendra Modi!,https://twitter.com/shaziailmi,bjp.org
MarthaMcSally,Keynote Speaker. Executive Coach. Author. Corporate Board Director. First female fighter pilot to fly in combat.,https://twitter.com/MarthaMcSally,
JohnBoozman,"U.S. Senator for Arkansas serving as @SenateAgGOP leader and on the Appropriations, EPW & Veterans‚Äô Affairs committees #ServingAR #ARinDC 202-224-4843",https://twitter.com/JohnBoozman,boozman.senate.gov
MBawumia,"Official Twitter account of Dr. Mahamudu Bawumia, Vice President of the Republic of Ghana.",https://twitter.com/MBawumia,presidency.gov.gh
The_NehaJoshi,National Vice President & Incharge Rajasthan @BJYM | National Media Panelist BJP | Proud Pahadi,https://twitter.com/The_NehaJoshi,
OvieOmoAgege,"Official account of Distinguished Senator Ovie Omo-Agege, Deputy President of the Senate, Federal Republic of Nigeria (Representing Delta Central Sen District)",https://twitter.com/OvieOmoAgege,ovieomoagege.com
SenGaryPeters,"U.S. Senator proudly representing the State of Michigan. üèçÔ∏è
 
See how the Bipartisan Infrastructure Law we passed is benefitting Michigan. ‚¨áÔ∏è‚¨áÔ∏è‚¨áÔ∏è",https://twitter.com/SenGaryPeters,peters.senate.gov/bipartisan_inf‚Ä¶
VSReddy_MP,"MP - Rajya Sabha | Chairman- Parliamentary Standing Committee on Transport, Tourism & Culture | YSRCP Parliamentary Party Leader | National Gen. Sec. @YSRCParty",https://twitter.com/VSReddy_MP,en.wikipedia.org/wiki/V._Vijays‚Ä¶
Cate_Waruguru,Laikipia County Member of Parliament/ Loves God/ Wife & mother/ youth,https://twitter.com/Cate_Waruguru,parliament.go.ke
hagegeingob,President of the Republic of Namibia,https://twitter.com/hagegeingob,op.gov.na
KirronKherBJP,"Member Of Parliament, Chandigarh. Actor.",https://twitter.com/KirronKherBJP,bit.ly/1GXfVGX
Interscope,Celebrating 30 years of iconic music #Interscope30,https://twitter.com/Interscope,interscope.com
OfficeofJPNadda,"This is the official account of office of Shri @jpnadda | National President BJP | Member of Parliament, RS|",https://twitter.com/OfficeofJPNadda,jagatprakashnadda.in
paoloardoino,CTO @bitfinex + CTO @tether_to + CSO/co-founder Holepunch / @keet_io / @holepunch_to (Views are my own) #bitcoin + LN + P2P + individual sovereignty + memes,https://twitter.com/paoloardoino,github.com/prdn
RealJaguarKenya,"CAS Ministry of Youth Affairs Arts & Sports;
Fmr. MP Starehe Constituency 12th Parliament; 
Fmr Dir. NACADA; 
Founder - JYE Foundation; 
Musician",https://twitter.com/RealJaguarKenya,realjaguarkenya.com
SenatorLankford,"Follower of Christ, husband to Cindy, father of two daughters. Serving the state of Oklahoma in the United States Senate.",https://twitter.com/SenatorLankford,lankford.senate.gov
DrMNPandeyMP,"‡§Æ‡§Ç‡§§‡•ç‡§∞‡•Ä, ‡§≠‡§æ‡§∞‡•Ä ‡§â‡§¶‡•ç‡§Ø‡•ã‡§ó ‡§Æ‡§Ç‡§§‡•ç‡§∞‡§æ‡§≤‡§Ø, ‡§≠‡§æ‡§∞‡§§ ‡§∏‡§∞‡§ï‡§æ‡§∞, Minister for Heavy Industries, Govt. of India. ‡§∏‡§æ‡§Ç‡§∏‡§¶ - ‡§≤‡•ã‡§ï‡§∏‡§≠‡§æ ‡§ö‡§®‡•ç‡§¶‡•å‡§≤‡•Ä, MP - Lok Sabha Chandauli.",https://twitter.com/DrMNPandeyMP,dhi.nic.in
SenatorWong,Leader of the Government in the Senate. Australian Minister for Foreign Affairs. Senator for South Australia.,https://twitter.com/SenatorWong,pennywong.com.au
rajyasabhatv,24x7 news and current affairs channel run by the Upper House of Indian Parliament,https://twitter.com/rajyasabhatv,youtube.com/rajyasabhatv
LokSabhaSectt,"Official Twitter handle of Lok Sabha Secretariat, Parliament of India.",https://twitter.com/LokSabhaSectt,loksabha.nic.in
BishopJakes,Husband to @FirstLadyJakes. Father of Five. Proud Grandfather. Senior Pastor of @TPHDallas. Accomplished Entrepreneur.,https://twitter.com/BishopJakes,solo.to/bishopjakes
Zlatan_Ibile,LTBL OUT NOW,https://twitter.com/Zlatan_Ibile,onerpm.lnk.to/LTBL
SenStabenow,Representing the people from the Great State of Michigan in the United States Senate,https://twitter.com/SenStabenow,stabenow.senate.gov
DilipGhoshBJP,BJP - National Vice President || Member of Parliament from Medinipur II Ex- MLA,https://twitter.com/DilipGhoshBJP,dilipghosh.org
WFPChief,"The official account of the Executive Director for the UN World Food Programme @WFP, David Beasley. Working to achieve a world with #ZeroHunger.",https://twitter.com/WFPChief,wfp.org
anildash,we make üéè @glitch (now part of @fastly!) so you can make the web ‚Ä¢ board member @eff @girlsclubny @themarkup ‚Ä¢ follow me instead at @anildash@me.dm,https://twitter.com/anildash,anildash.com
AMuyshondt,Asesor de Seguridad Nacional / National Security Advisor / Conseiller √† la S√©curit√© Nationale / ÂõΩÂÆ∂ÂÆâÂÖ®È°æÈóÆ- El Salvador,https://twitter.com/AMuyshondt,presidencia.gob.sv
RobertPicardo,"Actor, collectible, Planetary Society Board Member and host of The Planetary Post. https://t.co/w2u1NLFuCd",https://twitter.com/RobertPicardo,youtube.com/c/RobertPicard‚Ä¶
Channel7,The official Twitter account for the Seven Network.,https://twitter.com/Channel7,7plus.com.au
labourlewis,Labour MP for Norwich South: ‚ÄúThe ultimate hidden truth of the world is that it is something we make and could just as easily make differently‚Äù David Graeber,https://twitter.com/labourlewis,linktr.ee/labourlewis
JoeBiden,"Husband to @DrBiden, proud father and grandfather. Ready to build back better for all Americans. Official account is @POTUS.",https://twitter.com/JoeBiden,joebiden.com
BillClinton,"Father, grandfather, 42nd President of the United States, Founder, Clinton Foundation. Follow @ClintonFdn for more on our work around the world.",https://twitter.com/BillClinton,clintonfoundation.org
ChieeffKeefSosa,"Chief Keef PARODY Account , Here to inspire you, not in any way Affiliated with Chief Keef. [#1 Fan/Parody Account]",https://twitter.com/ChieeffKeefSosa,
MartinHeinrich,"U.S. Senator for NM | Husband, dad, recovering engineer. Constantly seeking climate action, a fair shot for all New Mexicans, and the best elk adovada recipes.",https://twitter.com/MartinHeinrich,heinrich.senate.gov
heminhawrami,"Deputy Speaker, Kurdistan Region Parliament. Member of KDP Politburo",https://twitter.com/heminhawrami,parliament.krd
CyrilRamaphosa,President of the African National Congress. President of the Republic of South Africa. Chair of the African Union 2020.,https://twitter.com/CyrilRamaphosa,stateofthenation.gov.za
ANCParliament,"Latest news and views from the African National Congress in Parliament |
Follow our HQ Chief Albert Luthuli House @MyANC @ANCWL_hq @ANCYLhq and @ANCPBF¬†",https://twitter.com/ANCParliament,ancparliament.org.za
kiraincongress,"Member of Ukrainian Parliament, Leader of Political party Golos, Vice President of ALDE. #warinukraine #ukraine #ukrainetoday #congresswoman",https://twitter.com/kiraincongress,kirarudik.com
THE_FREE_COIN,"Lifetime commitment to FREEdom Coin : crypto payments on vending machines/shops + DeFi on @BNBChain
+6 million active blockchain wallets on BNBChain, Tron, Eth",https://twitter.com/THE_FREE_COIN,coinmarketcap.com/currencies/fre‚Ä¶
davidhogg111,A March For Our Lives founder and board member contactdavidhogg@gmail.com,https://twitter.com/davidhogg111,randomhousebooks.com/books/599770/
Najib_Mikati,"Official Twitter feed for the Prime Minister of Lebanon; also, Member of Parliament for Tripoli, North-Lebanon.",https://twitter.com/Najib_Mikati,najibmikati.net
PearlsFromMyrna,"NOW ON MASTODON @PearlsFromMyrna@c.im
Retired executive secretary for Mr. Stanley Bogenshoots, Senior Vice President at Hughes Aircraft.",https://twitter.com/PearlsFromMyrna,
JacobOulanyah,Speaker of the 11th Parliament of the Republic of Uganda from 2021 - 2022.,https://twitter.com/JacobOulanyah,parliament.go.ug
HarshadeSilvaMP,Father. Husband. #SriLanka Citizen. MP for Colombo and Chair Com on Public Finance. Founder #1990SuwaSeriya. Eisenhower Global Fellow. https://t.co/Apt1Mkqq06,https://twitter.com/HarshadeSilvaMP,
F_Chairman,"Best-selling soccer strategy app - over 3 million downloads worldwide! 
Click the link below to visit our site and go through to the app stores to download.",https://twitter.com/F_Chairman,football-chairman.com
PandaJay,National Vice President BJP; Party in-charge of Assam & Delhi; Former MP (4 times from Odisha); Author; Columnist; Avid Reader; Helicopter Pilot (1980 hours).,https://twitter.com/PandaJay,jaypanda.in
blsanthosh,"National General Secretary (Org), BJP",https://twitter.com/blsanthosh,bjp.org
SenWarren,"U.S. Senator, Massachusetts. She/her/hers. Official Senate account.",https://twitter.com/SenWarren,warren.senate.gov
BarackObama,"Dad, husband, President, citizen.",https://twitter.com/BarackObama,obamabook.com
SABINACHEGE,Member of Parliament Murang'a County,https://twitter.com/SABINACHEGE,parliament.go.ke/the-national-a‚Ä¶
Nickmarxxpov,"Nick Marxx | 18+ NSFW üîû 350+ Scenes | CEO of @ofdashboard | 30,000+ Onlyfans Subs | Follow @nickmarxxshow Podcast + Dates |Amateurs, ‚≠êÔ∏ès, Creators Dm to collab",https://twitter.com/Nickmarxxpov,nickmarxxpov.com
GladysShollei,"A Mother, Transformational Leader, Deputy Speaker and Uasin Gishu County Woman Member of Parliament.",https://twitter.com/GladysShollei,m.facebook.com/GBossShollei/
DaMarcusBeasley,"Proud Dad, part owner @fortwaynefc ,  @beasleycamps, @hou2026worldcup board member. Founding member @SCORE_NA_ podcastüó£ @thecrackpodcas1",https://twitter.com/DaMarcusBeasley,
cmohry,"Office of Chief Minister, Haryana.",https://twitter.com/cmohry,haryanacmoffice.gov.in
UKSupremeCourt,"Official profile for the highest court in the UK.

Free online course: https://t.co/Uj0tXKXdaq",https://twitter.com/UKSupremeCourt,supremecourt.uk
ewarren,"U.S. Senator, former teacher. Wife, mom (Amelia, Alex, Bailey, @CFPB), grandmother, and Okie. She/her. Official campaign account.",https://twitter.com/ewarren,elizabethwarren.com
UN_PGA,"Official account of Csaba K≈ër√∂si, President of the 77th session of the United Nations General Assembly. Instagram: https://t.co/yzc1jkcRJa",https://twitter.com/UN_PGA,un.org/pga/
NadiaWhittomeMP,Proud to represent my home city as the Labour MP for Nottingham East ‚Ä¢ UK‚Äôs youngest MP ‚Ä¢ @CommonsLUHC member ‚Ä¢ she/her üè≥Ô∏è‚Äçüåà,https://twitter.com/NadiaWhittomeMP,linktr.ee/nadiawhittomemp
Sen_JoeManchin,"U.S. Senator for #WV. Chairman of @EnergyDems. Please do not hesitate to contact me to share your commonsense ideas, concerns or if you need assistance.",https://twitter.com/Sen_JoeManchin,manchin.senate.gov
SenGillibrand,"Mom to Theo, Henry and dog Maple. Wife to Jonathan. U.S. Senator for New York. Not ‚Äúvery polite.‚Äù She/her.",https://twitter.com/SenGillibrand,kirstengillibrand.com
TheVillaSomalia,Official twitter channel for H.E President Hassan Sheikh Mohamud‚Äôs Office.,https://twitter.com/TheVillaSomalia,villasomalia.gov.so
CoryBooker,"U.S. Senator from New Jersey. Most tweets (and typos) are mine, some are my team‚Äôs. He/him.",https://twitter.com/CoryBooker,corybooker.com
sallyeaves,Innovating #tech #education #business CEO CTO Advisor Prof #AI #Cloud #IoT #5G #TechForGood #FinTech #SDGs #STEM #STEAM #Sustainability #MWC23,https://twitter.com/sallyeaves,podcasts.apple.com/gb/podcast/tom‚Ä¶
brianschatz,United States Senator from Hawaii. Dad. Climate Hawk. Chair of the Senate Committee on Indian Affairs. Chief Deputy Whip.,https://twitter.com/brianschatz,brianschatz.com
AnandSharmaINC,"Member of Parliament, Rajya Sabha | former Union Cabinet Minister, Govt of India",https://twitter.com/AnandSharmaINC,archive.india.gov.in/govt/rajyasabh‚Ä¶
franklinleonard,@theblcklst founder. Film & TV producer. Politics & football (soccer) person. @vanityfair contrib editor. @am_cinematheque & @weare_thegotham board member.,https://twitter.com/franklinleonard,franklinleonard.com
SenJohnMcCain,"Memorial account for U.S. Senator John McCain, 1936-2018. To support the causes to which Senator McCain dedicated his life & service, follow @McCainInstitute.",https://twitter.com/SenJohnMcCain,
NadineDorries,Recovering Secretary of State. Sunday Times Bestseller. MP for Mid Beds. Talk TV - Friday Night With Nadine 8pm.,https://twitter.com/NadineDorries,
atiku,"Former Vice President of Nigeria. Waziri Adamawa, Businessman, Father and Philanthropist. PDP Presidential Candidate, 2023.",https://twitter.com/atiku,atiku.org
orengo_james,Governor of Siaya County,https://twitter.com/orengo_james,parliament.go.ke
SenatorMenendez,"U.S. Senator from New Jersey. @SFRCdems Chairman. Loving husband to Nadine. Proud father of Alicia & Rob and grandfather of Evangelina, Ofelia, Olivia & Robert.",https://twitter.com/SenatorMenendez,menendez.senate.gov
imtiaz_jaleel,"VBA & AIMIM Member of Parliament Aurangabad 2019-24.
President- AIMIM Maharashtra.
AIMIM MLA - A‚Äôbad central 2014-19.
Former journalist.",https://twitter.com/imtiaz_jaleel,
CEOAdam,"CEO of @AMCTheatres since 2016. So just how much do you love movies? Former CEO of Starwood Hotels, Norwegian Cruise Line, Vail Resorts and  Philadelphia 76ers.",https://twitter.com/CEOAdam,amctheatres.com
AmbRice46,Official Account: White House Domestic Policy Advisor,https://twitter.com/AmbRice46,whitehouse.gov
michaeljackson,The Official Michael Jackson Twitter Page,https://twitter.com/michaeljackson,michaeljackson.com
mikeyk,"Co-founder & former CTO of Instagram.

Now building https://t.co/A2tXGha0ZO

Also at https://t.co/R4owWnoWac",https://twitter.com/mikeyk,artifact.news
ReverendWarnock,Pastor. Advocate. Savannah born & raised. @Morehouse alum. Senator from Georgia. | Join us @TeamWarnock,https://twitter.com/ReverendWarnock,secure.actblue.com/donate/wfg-soc‚Ä¶
SenatorEnzi,Former U.S. Senator Mike Enzi of Wyoming. This account is no longer updated.,https://twitter.com/SenatorEnzi,enzi.senate.gov
niinisto,Tasavallan presidentti. Republikens president. President of the Republic of Finland | Viestit tasavallan presidentin omia. Presidentin kanslia: @TPKanslia,https://twitter.com/niinisto,presidentti.fi
KJP46,"This is an archive of an official Biden Administration account, maintained by the National Archives and Records Administration. Follow me @PressSec for updates!",https://twitter.com/KJP46,whitehouse.gov
SenToomey,Twitter account for former-U.S. Senator Pat Toomey. Husband. Father.,https://twitter.com/SenToomey,
derekfisher,"Dad/Husband. Founder, Derek Fisher Be Better Foundation. Five-time @NBA @Lakers Champion. @playequityfund Board Member. Former Head Coach/GM @LASparks",https://twitter.com/derekfisher,derekfisher.com/dfba
PattyMurray,"U.S. Senator, Washington state | President pro tempore of the Senate | @SenateApprops Chair | Working every day for WA families | she/her/hers",https://twitter.com/PattyMurray,murray.senate.gov
KIMANIICHUNGWAH,Leader of Majority Party in 13th Parliament.            The ONLY official twitter of the Member of Parliament Kikuyu Constituency,https://twitter.com/KIMANIICHUNGWAH,parliament.go.ke/the-national-a‚Ä¶
LindseyGrahamSC,The official Twitter feed for United States Senator Lindsey Graham.,https://twitter.com/LindseyGrahamSC,lindseygraham.com
PonnaarrBJP,"Ex.Union Minister of State for Finance and Shipping, Government of India. Ex.Member of Parliament from Kanniyakumari Lok Sabha Constituency.",https://twitter.com/PonnaarrBJP,ponnar.in
VinodChavdaBJP,"Member of Parliament (Kachchh) & Advocate ‡•§ General Secretary, BJP Gujarat",https://twitter.com/VinodChavdaBJP,Vinodchavda.in
OfficialIGNOU,"The Indira Gandhi National Open University (IGNOU), the world‚Äôs largest university, was established by an Act of Parliament in 1985.",https://twitter.com/OfficialIGNOU,
JayThakkar22,"Proud Indian, Vice President & Head of Alternate Research at Sharekhan by BNP PARIBAS

Tweets on Stock Markets are for educational purpose",https://twitter.com/JayThakkar22,linkedin.com/in/jay-thakkar‚Ä¶
michaelrulli,"Ohio Senator representing the Mahoning Valley. Fighting for Election Integrity, the Second Amendment, the Unborn, and the American Worker!",https://twitter.com/michaelrulli,michaelrulli.com
sambitswaraj,"Surgeon by Profession,Politician by Passion...National Spokesperson of BJP",https://twitter.com/sambitswaraj,bjp.org
KremlinRussia_E,"Official Kremlin news
Official Telegram channel: https://t.co/ASrzdwRxSU",https://twitter.com/KremlinRussia_E,en.kremlin.ru
Lagarde,"President of the @ecb, the central bank for the euro. I manage this account with my team.",https://twitter.com/Lagarde,ecb.europa.eu
VictorianCHO,"The official account of the Victorian Chief Health Officer, Prof Brett Sutton. Owned by @VicGovDH. More: https://t.co/fd2S4j7OI1",https://twitter.com/VictorianCHO,health.vic.gov.au
Abramjee,Yusuf Abramjee & Associates. Consultant. GCOB. Social Activist. #CrimeWatch #TaxJusticeSA *Vice President: @csiworld yusuf@abramjee.com,https://twitter.com/Abramjee,abramjee.com
CeoNoida,"This is the official account of Chief Executive Officer, NOIDA Authority",https://twitter.com/CeoNoida,noidaauthorityonline.in
MasculinePeak,"I give men the hard and necessary truth about women, masculinity, and cultivating power.

Climb the mountain of life.
Reach your Masculine Peak and stay there.",https://twitter.com/MasculinePeak,bit.ly/peaklinks
SenAngusKing,News from the office of Independent U.S. Senator Angus King of Maine. Following/retweeting does not equal an endorsement.,https://twitter.com/SenAngusKing,king.senate.gov
SenWhitehouse,"U.S. Senator from Rhode Island, the Ocean State. Chairman of @SenateBudget.",https://twitter.com/SenWhitehouse,whitehouse.senate.gov
volkan_bozkir,ƒ∞stanbul Milletvekili / BM 75. Genel Kurulu Ba≈ükanƒ±/ B√ºy√ºkel√ßi ‚ûñ Member of üáπüá∑Parliament/ President of the UN General Assembly at its 75th Session / Ambassador,https://twitter.com/volkan_bozkir,facebook.com/pages/Volkan-B‚Ä¶
DeadPresPicks,Lead Betting Analyst @oddscheckerus All tips to @stjude,https://twitter.com/DeadPresPicks,docs.google.com/spreadsheets/u‚Ä¶
PartizanBC,"#KKPartizan  ‚ö´‚ö™
üèÜ ≈†ampion Evrope 1992.
üèÜ x3 Kup Radivoj Koraƒá
üèÜ x21 prvak dr≈æave
üèÜ x16 Nacionalni kup
üèÜ x6 ≈°ampion ABA lige
üèÜ x1 ABA Super Cup

.",https://twitter.com/PartizanBC,kkpartizan.rs
asadowaisi,"President @aimim_national & Member of Parliament Lok Sabha (Hyderabad Constituency) Barrister-at-Law (Lincolns Inn), England",https://twitter.com/asadowaisi,
CanadianPM,Official account of Prime Minister Justin Trudeau ‚Äì Terms: https://t.co/K5SJE3TdaT ‚Äì Fran√ßais: @PMcanadien | For #COVID19 updates: https://t.co/fHdx7vSoxv,https://twitter.com/CanadianPM,pm.gc.ca
KashimSM,"Vice President-Elect, Federal Republic of Nigeria | Senator, Borno Central District | Former Governor of Borno State",https://twitter.com/KashimSM,
SenJackReed,Official Twitter feed of Rhode Island‚Äôs U.S. Senator Jack Reed. Chairman of the Senate Armed Services Committee.,https://twitter.com/SenJackReed,reed.senate.gov
SenMarcoRubio,Official account of U.S. Senator Marco Rubio.,https://twitter.com/SenMarcoRubio,rubio.senate.gov
SenatorReid,Former Senator from the great state of Nevada.,https://twitter.com/SenatorReid,
SenCoryGardner,Proudly serving the state of Colorado in the United States Senate. This is my official Senate Twitter account.,https://twitter.com/SenCoryGardner,
Europarl_EN,Follow for the latest information from the European Parliament. Account managed by the Parliament's web team. Privacy statement: https://t.co/pgMRBckG2S,https://twitter.com/Europarl_EN,europarl.europa.eu/news/en
Madam_President,A project of @EMILYsList with the goal of electing @KamalaHarris as the first woman vice president of the United States.,https://twitter.com/Madam_President,emilyslist.org
timkaine,"Anne Holton‚Äôs husband, Dad of 3, Stone Irish, public servant, musician, civil rights lawyer, backpacker.",https://twitter.com/timkaine,
LeslynLewis,"Member of Parliament for Haldimand-Norfolk. JD, MES, PhD",https://twitter.com/LeslynLewis,leslynlewis.ca
LilTunechi,https://t.co/PZLYHL6e68,https://twitter.com/LilTunechi,üëΩüéµ.y.at
theAliceRoberts,"Prof of Public Engagement in Science, Uni of Birmingham; anatomist, author, broadcaster; vice President of Humanists UK. All views my own.",https://twitter.com/theAliceRoberts,alice-roberts.co.uk
SenatorFischer,United States Senator for Nebraska,https://twitter.com/SenatorFischer,fischer.senate.gov
RimaFakih,Former Miss USA | Ambassador Children Cancer Center Lebanon | Best Buddies Board Member | School On Wheels üôè Full Time Wife ‚ù§Ô∏è,https://twitter.com/RimaFakih,RimaFakih.com
AnitahAmong,"Speaker of the Parliament of the Republic of Uganda.
Bukedea District Woman MP.",https://twitter.com/AnitahAmong,parliament.go.ug
wallacemick,Builder. Breaker. Member of the European Parliament. https://t.co/P6uyZ9bCPH,https://twitter.com/wallacemick,
MathiasMpuuga,Leader of the Opposition @Parliament_Ug | @NUP_Ug Deputy President (Buganda region) | MP Nyendo - Mukungwe | Human Rights Activist| Advocate| Teacher| Economist,https://twitter.com/MathiasMpuuga,nupuganda.org
TulipSiddiq,Labour MP for my home seat of Hampstead and Kilburn. Shadow City Minister. Casework/Questions? Email: tulip@tulipsiddiq.com,https://twitter.com/TulipSiddiq,tulipsiddiq.com/my-blog
DrSenthil_MDRD,Practicing Radiologist.               Member of Parliament for Dharmapuri parliamentary constituency               üñ§‚ù§Ô∏è DMK,https://twitter.com/DrSenthil_MDRD,
VP,Vice President of the United States. Wife to the first @SecondGentleman. Momala. Auntie. Fighting for the people.,https://twitter.com/VP,whitehouse.gov
Welshman_Ncube,Zimbabwean. Advocate. Professor of law. Vice President CCC. Former Minister of Industry and Commerce.,https://twitter.com/Welshman_Ncube,
DawnButlerBrent,"MP for Brent Central ‚úâ dawn.butler.mp@parliament.uk -
First elected Black female government minister in the UK
- Vogue's top 25 women shaping 2020
She/Her",https://twitter.com/DawnButlerBrent,dawnbutler.org.uk
EricTrump,Executive Vice President of The @Trump Organization. Husband to @LaraLeaTrump. Large advocate of @StJude Children's Hospital @TrumpWinery #MakeAmericaGreatAgain,https://twitter.com/EricTrump,Trump.com
SenatorBurr,U.S. Senator from North Carolina,https://twitter.com/SenatorBurr,burr.senate.gov
SenJohnHoeven,"U.S. Senator for North Dakota serving on the Senate Agriculture, Energy, Appropriations & Indian Affairs committees.",https://twitter.com/SenJohnHoeven,hoeven.senate.gov
dogfishbeer,"Off-centered goodness for off-centered people. Brewery, Restaurants, Distillery & Inn! Followers must be 21+, cheers!",https://twitter.com/dogfishbeer,dogfish.com
iingwen,‰∏≠ËèØÊ∞ëÂúãÁ¨¨15‰ªªÁ∏ΩÁµ± President of the Republic of China (Taiwan),https://twitter.com/iingwen,president.gov.tw
hblodget,"Hello! I'm the founder and CEO of Insider, as well as a columnist and bloviator. I‚Äôm also a Board member at Morning Brew ‚òïÔ∏è. Thanks for following me!",https://twitter.com/hblodget,insider.com
SenRandPaul,"I fight for Kentucky, individual rights, and the Constitution | This is an official government account for Senator Rand Paul.",https://twitter.com/SenRandPaul,Paul.Senate.Gov
marcorubio,"Christian,Husband,Father,AMERICAN,Senator for Florida, Instagram:@marcorubio Truth:@marcorubio #GatorNation #FinsUp",https://twitter.com/marcorubio,marcorubio.com
bjpsamvad,"This handle is the voice of all nationalists and party supporters. Tag us for RT, if you're one.
Managed by BJP volunteers.",https://twitter.com/bjpsamvad,bjp.org
TanDhesi,"@UKLabour MP for #Slough. Shadow Rail Minister. For casework/queries, please email tan.dhesi.mp@parliament.uk or call 01753 518161",https://twitter.com/TanDhesi,tsdhesi.com
WilliamsRuto,President of The Republic of Kenya.,https://twitter.com/WilliamsRuto,president.go.ke
president_uz,Press-service of the President of the Republic of Uzbekistan / –ü—Ä–µ—Å—Å-—Å–ª—É–∂–±–∞ –ü—Ä–µ–∑–∏–¥–µ–Ω—Ç–∞ –†–µ—Å–ø—É–±–ª–∏–∫–∏ –£–∑–±–µ–∫–∏—Å—Ç–∞–Ω,https://twitter.com/president_uz,president.uz
Hideki_Naganuma,Composer of JET SET RADIOÔΩúSpotify‚ñ∂Ô∏éhttps://t.co/ZW4mfl9GGI Ô£øMusic‚ñ∂Ô∏éhttps://t.co/TkTxvMqWr0 YouTube Music‚ñ∂Ô∏éhttps://t.co/TdbetXnA7Y Bandcamp‚ñ∂Ô∏éhttps://t.co/gEQogrtEta SoundCloud‚ñ∂Ô∏éhttps://t.co/x4R0HKBcTU,https://twitter.com/Hideki_Naganuma,instagram.com/hideki_naganum‚Ä¶
ItsYangaChief,YoungLegendMusic Artist / yangabookings@gmail.com SAMA HIP HOP ALBUM OF THE YEAR #BecomingAPopStar SAHHA SONG OF THE YEAR #UTATAKHO,https://twitter.com/ItsYangaChief,instagram.com/itsyangachief
ZelenskyyUa,–ü—Ä–µ–∑–∏–¥–µ–Ω—Ç –£–∫—Ä–∞—ó–Ω–∏,https://twitter.com/ZelenskyyUa,president.gov.ua
CMOKerala,"Updates from the Office of Chief Minister of Kerala, Shri. Pinarayi Vijayan",https://twitter.com/CMOKerala,keralacm.gov.in
JohnnyMercerUK,Father of three; husband of 1. Believer in change. Member of Parliament for Plymouth Moor View,https://twitter.com/JohnnyMercerUK,johnnymercer.co.uk
andrealeadsom,"Member of Parliament for South Northamptonshire. If you are a constituent, please email - Andrea.leadsom.mp@parliament.uk.",https://twitter.com/andrealeadsom,andrealeadsom.com
SteveBakerHW,"Minister of State for Northern Ireland, Conservative MP for Wycombe",https://twitter.com/SteveBakerHW,stevebaker.info
Jairam_Ramesh,"Member of Parliament| General Secretary in-charge Communications, Indian National Congress| former Union Minister| Author| Unapologetic Nehruvian.",https://twitter.com/Jairam_Ramesh,inc.in
ianuragthakur,"üáÆüá≥Union Minister for I&B and Youth Affairs & Sports, GoI | 4th Term Member of Parliament (LS-Hamirpur HP)",https://twitter.com/ianuragthakur,
RandPaul,"U.S. Senator for Kentucky | I fight for the Constitution, individual liberty and the freedoms that make this country great.",https://twitter.com/RandPaul,randpaul.com
tunajibu,Vice President - FFI | Former Cabinet Minister & Member of Parliament - Government of Kenya üá∞üá™,https://twitter.com/tunajibu,
azharflicks,"President - Hyderabad Cricket Association || Working President - TPCC || Former ""Cricket Captain of India"" || ""Member of Parliament‚Äù - Lok Sabha",https://twitter.com/azharflicks,
SenBobCorker,Official news and updates from former United States Senator Bob Corker (R-Tennessee).,https://twitter.com/SenBobCorker,corker.senate.gov
SindhCMHouse,"Official Account of CM, Sindh | https://t.co/ZbEwJgIo8u | https://t.co/VPR93j4ifj | https://t.co/aNR8wp3oQT",https://twitter.com/SindhCMHouse,facebook.com/SindhCMHouse
BJPCentralMedia,This is the official handle of BJP Central Media Department. Follow for all media related updates.,https://twitter.com/BJPCentralMedia,bjp.org
SenAlexander,Updates from former United States Senator Lamar Alexander. 7th generation Tennessean born and raised in Maryville.,https://twitter.com/SenAlexander,LamarAlexander.com
CMOfficeAssam,"Chief Minister's Office, Government of Assam",https://twitter.com/CMOfficeAssam,cm.assam.gov.in
SenatorBennet,U.S. Senator for Colorado,https://twitter.com/SenatorBennet,bennet.senate.gov
MsPackyetti,"Black. saved by grace. activist. #UNDISTRACTED host. @MSNBC analyst. @BET vp, social impact. @kidnoble‚Äôs +1. M‚Äôs mama. she/her. opinions mine alone. #Ferguson",https://twitter.com/MsPackyetti,brittanypacknett.com
yeobeeyin,Public Servant | Member of Parliament for Puchong | Wife | Mother of Two,https://twitter.com/yeobeeyin,yeobeeyin.com
PRSLegislative,Tracking all things legislative | Working of state legislatures and Parliament; MPs and MLAs; Committees | Budgets etc.,https://twitter.com/PRSLegislative,prsindia.org
iamjameshaarsma,Vice President of @RCIncorporated,https://twitter.com/iamjameshaarsma,instagram.com/iamjameshaarsma
praful_patel,"MP ‚Ä¢ Vice-President - Nationalist Congress Party ‚Ä¢ Former Union Minister of Civil Aviation, Heavy Industries & Public Enterprises ‚Ä¢ FIFA Council member",https://twitter.com/praful_patel,praful-patel.com
dambisamoyo,"Member, House of Lords - sitting as Baroness Moyo of Knightsbridge; Investor, Board member, Author.",https://twitter.com/dambisamoyo,dambisamoyo.com
AnthonySHead,Actor,https://twitter.com/AnthonySHead,
MPNaveenJindal,"Elected twice to Indian Parliament, Chairman- @JSPLCorporate. The display of Tiranga is a way to express my love for & faith in the country. RT isnt endorsement",https://twitter.com/MPNaveenJindal,naveenjindal.com
DeeJayiLLWiLL,@ThaAlumni CEO | Proud Dad | #ALIVE Deluxe out now! https://t.co/ndhIf51RoX,https://twitter.com/DeeJayiLLWiLL,Tha-Alumni.com
JohnSwinney,John Swinney is Member of the Scottish Parliament for Perthshire North and Deputy First Minister/Cabinet Secretary for Covid Recovery in Scottish Government.,https://twitter.com/JohnSwinney,johnswinney.scot
SaniaNishtar,"Senator, Former Special Assistant of the Prime Minister on Poverty Alleviation, Former Federal Minister, Pakistan. Founder of @Ehsaas_Pk. Global health advocate",https://twitter.com/SaniaNishtar,sanianishtar.info
BorisJohnson,Former Prime Minister of the United Kingdom. Member of Parliament for Uxbridge and South Ruislip.,https://twitter.com/BorisJohnson,compiled.social/BorisJohnson
SenatorDurbin,Serving the people of Illinois. Majority Whip and Chair of the Senate Judiciary Committee @JudiciaryDems.,https://twitter.com/SenatorDurbin,durbin.senate.gov
ibusolih,President of the Republic of Maldives,https://twitter.com/ibusolih,presidencymaldives.gov.mv
SpeakerKLusaka,"Governor, Bungoma County",https://twitter.com/SpeakerKLusaka,parliament.go.ke
MAKE_US_AMERICA,‚Ä¢ WE WILL BRING BACK A GOOD EXAMPLE & GOOD MORAL CHARACTER TO THE OVAL OFFICE.!,https://twitter.com/MAKE_US_AMERICA,tiktok.com/@make_us_ameri‚Ä¶
